ObjectID,Date_Updated,F7_Day_MA_NA,New_Cases_NC,F7_Day_MA_NC,Doubling_Time,Curr_Hosp_Inpatients,F7_Day_MA_Hosp,Curr_ICU,F7_Day_MA_ICU,Curr_Ventilator,F7_Day_MA_Vent,Record_Status,New_Admissions,ACS_Admiss,DisplayDate,No_Data,NC_L7day
2,2020/03/13 05:00:00+00,0,3,0,0,1,0,0,0,0,0,Past,0,,,,0
3,2020/03/14 05:00:00+00,0,0,0,0,2,0,0,0,0,0,Past,1,,,,0
4,2020/03/15 05:00:00+00,0,0,0,0,2,0,0,0,0,0,Past,0,,,,0
5,2020/03/16 05:00:00+00,0,3,0,0,2,0,0,0,0,0,Past,0,,,,0
6,2020/03/17 05:00:00+00,0,11,0,0,3,0,0,0,0,0,Past,1,,,,0
7,2020/03/18 05:00:00+00,0.571428571428571,6,0,0,4,2.14285714285714,0,0,0,0,Past,1,,,,0
8,2020/03/19 05:00:00+00,0.571428571428571,18,5.85714285714286,0,5,2.71428571428571,0,0,0,0,Past,1,,,,41
9,2020/03/20 05:00:00+00,0.857142857142857,17,7.85714285714286,0,7,3.57142857142857,0,0,0,0,Past,2,,,,55
10,2020/03/21 05:00:00+00,1.14285714285714,15,10,0,9,4.57142857142857,0,0,0,0,Past,3,,,,70
11,2020/03/22 05:00:00+00,1.28571428571429,18,12.5714285714286,1.59905525846702,10,5.71428571428571,1,0,0,0,Past,1,,,,88
12,2020/03/23 05:00:00+00,1.85714285714286,9,13.4285714285714,2.51016636957813,13,7.28571428571429,0,0.142857142857143,0,0,Past,4,,,,94
13,2020/03/24 05:00:00+00,2.42857142857143,13,13.7142857142857,3.22485168426345,17,9.28571428571429,1,0.142857142857143,0,0,Past,5,,,,96
14,2020/03/25 05:00:00+00,3,6,13.7142857142857,4.82485168426345,22,11.8571428571429,1,0.285714285714286,0,0,Past,5,,,,96
15,2020/03/26 05:00:00+00,3.57142857142857,18,13.7142857142857,5.35818501759678,25,14.7142857142857,9,0.428571428571429,8,1.14285714285714,Past,5,,,,96
16,2020/03/27 05:00:00+00,5,23,14.5714285714286,5.71266072092159,29,17.8571428571429,8,1.71428571428571,7,2.14285714285714,Past,12,,,,102
17,2020/03/28 05:00:00+00,5.85714285714286,19,15.1428571428571,6.16809931741282,32,21.1428571428571,9,2.85714285714286,7,3.14285714285714,Past,9,,,,106
18,2020/03/29 05:00:00+00,6.28571428571429,21,15.5714285714286,6.61492471423822,35,24.7142857142857,11,4.14285714285714,11,4.71428571428571,Past,4,,,,109
19,2020/03/30 05:00:00+00,7,6,15.1428571428571,8.93714693646044,41,28.7142857142857,12,5.57142857142857,12,6.42857142857143,Past,9,,,,106
20,2020/03/31 05:00:00+00,7.71428571428571,38,18.7142857142857,8.71002143038756,47,33,17,7.28571428571429,13,8.28571428571429,Past,10,,,,131
21,2020/04/01 05:00:00+00,9,61,26.5714285714286,7.22668809705423,56,37.8571428571429,23,9.57142857142857,19,11,Past,14,,,,186
22,2020/04/02 05:00:00+00,9.57142857142857,46,30.5714285714286,7.22862046420399,61,43,29,12.7142857142857,23,13.1428571428571,Past,9,,,,214
23,2020/04/03 05:00:00+00,9.28571428571429,79,38.5714285714286,7.0772720877593,64,48,31,15.5714285714286,23,15.4285714285714,Past,10,,,,270
24,2020/04/04 05:00:00+00,9.14285714285714,30,40.1428571428571,7.66850015793474,59,51.8571428571429,37,18.8571428571429,24,17.8571428571429,Past,8,,,,281
25,2020/04/05 05:00:00+00,10,24,40.5714285714286,8.73278587222045,65,56.1428571428571,43,22.8571428571429,29,20.4285714285714,Past,10,,,,284
26,2020/04/06 05:00:00+00,9.71428571428571,18,42.2857142857143,8.08834142777601,64,59.4285714285714,43,27.4285714285714,28,22.7142857142857,Past,7,,,,296
27,2020/04/07 05:00:00+00,9.14285714285714,52,44.2857142857143,8.51162078000273,66,62.1428571428571,41,31.8571428571429,24,24.2857142857143,Past,6,,,,310
28,2020/04/08 05:00:00+00,7.85714285714286,43,41.7142857142857,9.39999287302598,66,63.5714285714286,40,35.2857142857143,25,25.1428571428571,Past,5,,,,292
29,2020/04/09 05:00:00+00,8.57142857142857,45,41.5714285714286,10.0636160614318,71,65,41,37.7142857142857,27,25.7142857142857,Past,14,,,,291
30,2020/04/10 05:00:00+00,8.85714285714286,48,37.1428571428571,10.9568122639634,72,66.1428571428571,42,39.4285714285714,29,26.5714285714286,Past,12,,,,260
31,2020/04/11 05:00:00+00,8.28571428571429,54,40.5714285714286,10.8012567084079,69,67.5714285714286,48,41,32,27.7142857142857,Past,4,,,,284
32,2020/04/12 05:00:00+00,7.42857142857143,30,41.4285714285714,11.3645900417412,67,67.8571428571429,44,42.5714285714286,31,28,Past,4,,,,290
33,2020/04/13 05:00:00+00,8.42857142857143,82,50.5714285714286,9.61960359187671,74,69.2857142857143,50,42.7142857142857,28,28,Past,14,,,,354
34,2020/04/14 05:00:00+00,9,44,49.4285714285714,10.5996735219466,75,70.5714285714286,48,43.7142857142857,31,29,Past,10,,,,346
35,2020/04/15 05:00:00+00,9.71428571428571,77,54.2857142857143,10.4801325977545,76,72,41,44.7142857142857,29,29.5714285714286,Past,10,,,,380
36,2020/04/16 05:00:00+00,8.71428571428571,52,55.2857142857143,11.032312084934,76,72.7142857142857,41,44.8571428571429,28,29.7142857142857,Past,7,,,,387
37,2020/04/17 05:00:00+00,8.14285714285714,45,54.8571428571429,11.9814787516007,78,73.5714285714286,39,44.8571428571429,25,29.1428571428571,Past,8,,,,384
38,2020/04/18 05:00:00+00,9.14285714285714,18,49.7142857142857,16.6703676404896,76,74.5714285714286,35,44.4285714285714,19,27.2857142857143,Past,11,,,,348
39,2020/04/19 05:00:00+00,9.71428571428571,16,47.7142857142857,21.0153676404896,79,76.2857142857143,36,42.5714285714286,18,25.4285714285714,Past,8,,,,334
40,2020/04/20 05:00:00+00,8.42857142857143,66,45.4285714285714,21.7502530802531,80,77.1428571428571,37,41.4285714285714,17,23.8571428571429,Past,5,,,,318
41,2020/04/21 05:00:00+00,8.85714285714286,59,47.5714285714286,21.7946290432731,81,78,35,39.5714285714286,17,21.8571428571429,Past,13,,,,333
42,2020/04/22 05:00:00+00,8.71428571428571,30,40.8571428571429,24.7357978744419,85,79.2857142857143,31,37.7142857142857,16,20,Past,9,,,,286
43,2020/04/23 05:00:00+00,8.57142857142857,49,40.4285714285714,25.434502741004,81,80,34,36.2857142857143,19,18.7142857142857,Past,6,,,,283
44,2020/04/24 05:00:00+00,9,67,43.5714285714286,25.1060450295612,79,80.1428571428571,36,35.2857142857143,18,17.7142857142857,Past,11,,,,305
45,2020/04/25 05:00:00+00,8.71428571428571,17,43.4285714285714,27.2511430687769,72,79.5714285714286,34,34.8571428571429,17,17.4285714285714,Past,9,,,,304
46,2020/04/26 05:00:00+00,8.14285714285714,16,43.4285714285714,29.1511430687769,74,78.8571428571429,32,34.7142857142857,18,17.4285714285714,Past,4,,,,304
47,2020/04/27 05:00:00+00,9,52,41.4285714285714,30.1877398053736,80,78.8571428571429,35,34.1428571428571,17,17.4285714285714,Past,11,,,,290
48,2020/04/28 05:00:00+00,9.14285714285714,75,43.7142857142857,30.149909296899,85,79.4285714285714,36,33.8571428571429,17,17.4285714285714,Past,14,,,,306
49,2020/04/29 05:00:00+00,9.71428571428571,52,46.8571428571429,28.9995246815144,88,79.8571428571429,36,34,20,18,Past,13,,,,328
50,2020/04/30 05:00:00+00,10.4285714285714,63,48.8571428571429,28.9473704865031,92,81.4285714285714,35,34.7142857142857,21,18.2857142857143,Past,11,,,,342
51,2020/05/01 05:00:00+00,9.71428571428571,29,43.4285714285714,32.6926098071412,88,82.7142857142857,39,34.8571428571429,20,18.5714285714286,Past,6,,,,304
52,2020/05/02 05:00:00+00,9.42857142857143,31,45.4285714285714,30.0098773593234,85,84.5714285714286,34,35.2857142857143,14,18.1428571428571,Past,7,,,,318
53,2020/05/03 05:00:00+00,9.85714285714286,42,49.1428571428571,25.3658297402758,87,86.4285714285714,35,35.2857142857143,16,17.8571428571429,Past,7,,,,344
54,2020/05/04 05:00:00+00,9.28571428571429,60,50.2857142857143,25.5771117915578,89,87.7142857142857,33,35.7142857142857,17,17.8571428571429,Past,7,,,,352
55,2020/05/05 05:00:00+00,8.85714285714286,60,48.1428571428571,26.6517784582245,94,89,32,35.4285714285714,15,17.5714285714286,Past,11,,,,337
56,2020/05/06 05:00:00+00,8.57142857142857,70,50.7142857142857,26.3721630736091,100,90.7142857142857,33,34.8571428571429,17,17.1428571428571,Past,11,,,,355
57,2020/05/07 05:00:00+00,8.71428571428571,56,49.7142857142857,27.3217662482123,101,92,32,34.4285714285714,17,16.5714285714286,Past,12,,,,348
58,2020/05/08 05:00:00+00,9.14285714285714,69,55.4285714285714,24.5197672477126,97,93.2857142857143,36,34,21,16.7142857142857,Past,9,,,,388
59,2020/05/09 05:00:00+00,9.42857142857143,24,54.4285714285714,27.7199016563147,90,94,36,33.5714285714286,21,17.7142857142857,Past,9,,,,381
60,2020/05/10 05:00:00+00,9.14285714285714,32,53,30.1858242753623,91,94.5714285714286,39,33.8571428571429,20,18.2857142857143,Past,5,,,,371
61,2020/05/11 05:00:00+00,9,44,50.7142857142857,32.0932485177866,91,94.8571428571429,36,34.4285714285714,21,18.8571428571429,Past,6,,,,355
62,2020/05/12 05:00:00+00,9.14285714285714,64,51.2857142857143,32.4587693511199,91,94.4285714285714,34,34.8571428571429,22,19.8571428571429,Past,12,,,,359
63,2020/05/13 05:00:00+00,8.57142857142857,53,48.8571428571429,33.9957504831954,93,93.4285714285714,31,35.1428571428571,20,20.2857142857143,Past,7,,,,342
64,2020/05/14 05:00:00+00,8.71428571428571,57,49,34.5347855709147,95,92.5714285714286,35,34.8571428571429,19,20.5714285714286,Past,13,,,,343
65,2020/05/15 05:00:00+00,9.71428571428571,36,44.2857142857143,38.1472251844412,102,93.2857142857143,34,35.2857142857143,21,20.5714285714286,Past,16,,,,310
66,2020/05/16 05:00:00+00,10.2857142857143,44,47.1428571428571,34.9294221541382,101,94.8571428571429,36,35,20,20.4285714285714,Past,13,,,,330
67,2020/05/17 05:00:00+00,11.2857142857143,34,47.4285714285714,35.5149000953147,102,96.4285714285714,35,35,21,20.5714285714286,Past,12,,,,332
68,2020/05/18 05:00:00+00,11.5714285714286,78,52.2857142857143,33.8333732887879,103,98.1428571428571,35,34.4285714285714,21,20.5714285714286,Past,8,,,,366
69,2020/05/19 05:00:00+00,11.2857142857143,58,51.4285714285714,34.8153237198224,99,99.2857142857143,39,34.2857142857143,25,21,Past,10,,,,360
70,2020/05/20 05:00:00+00,11.5714285714286,49,50.8571428571429,35.8942609550938,101,100.428571428571,38,35,22,21.2857142857143,Past,9,,,,356
71,2020/05/21 05:00:00+00,11.1428571428571,68,52.4285714285714,35.7684611614922,96,100.571428571429,39,36,24,22,Past,10,,,,367
72,2020/05/22 05:00:00+00,10,49,54.2857142857143,34.7892661501543,94,99.4285714285714,38,36.5714285714286,23,22.2857142857143,Past,8,,,,380
73,2020/05/23 05:00:00+00,9,27,51.8571428571429,39.6038284397166,88,97.5714285714286,40,37.1428571428571,23,22.7142857142857,Past,6,,,,363
74,2020/05/24 05:00:00+00,7.85714285714286,59,55.4285714285714,37.1968992273537,85,95.1428571428571,39,37.7142857142857,21,22.7142857142857,Past,4,,,,388
75,2020/05/25 05:00:00+00,8.42857142857143,86,56.5714285714286,37.3548002410686,91,93.4285714285714,42,38.2857142857143,25,23.2857142857143,Past,12,,,,396
76,2020/05/26 05:00:00+00,8.42857142857143,51,55.5714285714286,38.731642702191,93,92.5714285714286,41,39.2857142857143,22,22.8571428571429,Past,10,,,,389
77,2020/05/27 05:00:00+00,9,73,59,37.5233955677208,98,92.1428571428571,41,39.5714285714286,21,22.7142857142857,Past,13,,,,413
78,2020/05/28 05:00:00+00,8.28571428571429,67,58.8571428571429,38.1978468407673,88,91,38,40,22,22.4285714285714,Past,5,,,,412
79,2020/05/29 05:00:00+00,9.28571428571429,62,60.7142857142857,37.7018626406357,84,89.5714285714286,39,39.8571428571429,19,21.8571428571429,Past,15,,,,425
80,2020/05/30 05:00:00+00,9.85714285714286,46,63.4285714285714,34.4020236712315,83,88.8571428571429,34,40,19,21.2857142857143,Past,10,,,,444
81,2020/05/31 05:00:00+00,9.57142857142857,40,60.7142857142857,37.7565999424179,81,88.2857142857143,35,39.1428571428571,18,20.8571428571429,Past,2,,,,425
82,2020/06/01 21:00:00+00,10.4285714285714,88,61,38.1643166443207,93,88.5714285714286,40,38.5714285714286,20,20.1428571428571,Past,18,,,,427
84,2020/06/02 21:00:00+00,10.857,73,64.142,37.016,93,89,41,38.285,21,20,Past,12,,,,449
87,2020/06/03 21:00:00+00,11.4285,68,63.4285,37.976,98,88.4285,39,38,21,20,Past,16,,,,444
88,2020/06/04 21:00:00+00,11.857,61,62.5714,39.153,91,89.1428,38,38,20,19.714,Past,7,,,,438
89,2020/06/05 21:00:00+00,11.8,54,61.4,40.7,89.4,89.42,37,37.71,22,20.14,Past,13,,,,430
90,2020/06/06 21:00:00+00,11.428,46,61.428,41.645,80,89.142,36,38,22,20.57,Past,7,,,,430
91,2020/06/07 21:00:00+00,12.85,35,60.71,44.02,87,90,40,38.71,25,21.57,Past,13,,,,425
92,2020/06/08 21:00:00+00,11.71,118,65,43.44,89,88.85,38,38.42,25,22.28,Past,10,,,,455
93,2020/06/09 21:00:00+00,11.28,161,77.57,41.21,91,88.28,36,37.71,26,23,Past,11,,,,543
94,2020/06/10 21:00:00+00,13,133,86.85,39.15,104,89.42,44,38.42,27,23.85,Past,24,,,,608
95,2020/06/11 21:00:00+00,14.85,129,96.57,36.59,112,93.57,46,39.57,26,24.71,Past,23,,,,676
96,2020/06/12 21:00:00+00,17.14,76,99.714,35.57,134,100.57,49,41.28,27,25.42,Past,29,,,,698
98,2020/06/13 21:00:00+00,18,147,114.14,30.65,111,103.28,48,43,24,25.71,Past,15,,,,799
99,2020/06/14 21:00:00+00,20.57,84,121.142,25.49,129,109.42,52,44.714,29,26.28,Past,30,,,,848
100,2020/06/15 21:00:00+00,22.57,119,121.28,26.185,142,117.28,52,46.71,31,27.14,Past,23,,,,849
101,2020/06/16 21:00:00+00,24.57,107,113.57,28.17,158,128.57,59,50,28,27.42,Past,22,,,,795
102,2020/06/17 21:00:00+00,24.28,220,126,27.35,173,142.71,63,52.714,26,27.28,Past,21,,,,882
103,2020/06/18 21:00:00+00,25.57,,,,153,139.42,63,55.14,26,27.28,Past,29,,,,1048
104,2020/06/19 21:00:00+00,27.71,295,149.71,25.86,173,147.71,64,57.28,27,27.28,Past,34,,,,1390
105,2020/06/20 21:00:00+00,28.57,418,198.57,21.548,172,154.85,71,60.57,26,27.57,Past,29,,,,1749
107,2020/06/21 21:00:00+00,25.714,506,249.85,19.74,174,160.28,84,65.142,31,27.857,Past,10,,,,1794
109,2020/06/22 21:00:00+00,27.714,129,256.28,19.27,181,165.57,86,70,32,28,Past,21,,,,1932
110,2020/06/23 21:00:00+00,39.28,257,276,17.89,236,192,94,75,34,28.85,Past,56,,,,2143
111,2020/06/24 21:00:00+00,46.57143,318,306.14,15.6,274,209.14,106,81.14,42,31.14,Past,78,,,,2106
112,2020/06/25 21:00:00+00,48.85714,183,300.85,17.21,293,226.85,109,87.71,43,33.57,Past,57,,,,2539
113,2020/06/26 21:00:00+00,52.28571,183,300.85,17.21,299,243.71,114,94.85,48,36.57,Past,61,,,,2757
116,2020/06/27 21:00:00+00,55.57143,728,362.71,16.49,316,262.42,114,101,47,39.57,Past,61,,,,2759
119,2020/06/28 21:00:00+00,59.42857,636,393.857,16.465,351,283.857,114,105.258,60,43.714,Past,65,,,,3188
120,2020/06/29 21:00:00+00,62.57143,508,394.14,17,368,305.28,121,110.28,65,48.42,Past,60,,,,3528
121,2020/06/30 21:00:00+00,64.28571,558,455.42,13.797,369,324.28,132,115.71,64,52.71,Past,68,,,,3781
122,2020/07/01 21:00:00+00,62.42857,597,504,12.92,376,338.85,133,119.57,67,56.287,Past,65,,,,3912
123,2020/07/02 21:00:00+00,67.28571,571,540.14,12.62,415,356.28,145,124.71,70,60.14,Past,92,,,,3306
124,2020/07/03 21:00:00+00,69.57143,314,558.85,12.25,418,373.28,151,130,66,62.71,Past,77,,,,3218
125,2020/07/04 21:00:00+00,71.57143,122,472.28,20.3,434,390.14,156,136,70,66,Past,75,,,,2957
126,2020/07/05 21:00:00+00,72,548,459.71,21.02,446,403.71,137,139.28,72,67.71,Past,68,,,,2881
127,2020/07/06 21:00:00+00,74.14286,247,422.42,24.16,466,417.71,140,142,83,70.28,Past,75,,,,3037
128,2020/07/07 21:00:00+00,74.85714,482,411.57,25.03,469,432,148,144.28,89,73.85,Past,73,,,,3169
129,2020/07/08 21:00:00+00,75.14,753,433.85,25.08,458,443.71,149,146.57,91,75,Past,67,,,,3295
130,2020/07/09 21:00:00+00,71.57,703,452.71,25.18,440,447.28,132,144.71,91,76,Past,66,,,,3491
131,2020/07/10 21:00:00+00,70,440,470.71,24.92,438,450.14,133,142.14,88,78.5,Past,66,,,,3109
132,2020/07/11 21:00:00+00,69.71,318,498.71,20.4,435,450.28,134,139,87,85.85,Past,73,,,,3519
133,2020/07/12 21:00:00+00,70.42,166,444.14,27.17,434,448.57,151,141,87,88,Past,73,,,,3590
135,2020/07/14 21:00:00+00,69.57,553,512.85,25.02,469,447.57,154,143.42,92,88.85,Past,74,,,,3119
136,2020/07/15 21:00:00+00,71.14,572,487,26.17,492,452.42,159,144.85,97,89.71,Past,78,,,,2911
137,2020/07/16 21:00:00+00,70.57,413,445.57,28.31,479,458,151,147.57,103,91.42,Past,62,,,,2832
138,2020/07/17 21:00:00+00,70.28,232,415.85,32.47,469,462.42,158,151.14,102,93.42,Past,64,,,,2858
139,2020/07/18 21:00:00+00,70.85,239,404.57,35.18,466,466.85,151,153.57,105,96,Past,77,,,,2346
140,2020/07/19 21:00:00+00,69.42,192,408.28,35.46,480,473.42,158,154.57,110,99.28,Past,63,,,,2396
141,2020/07/20 21:00:00+00,65.85,145,335.14,45.38,480,476.42,158,155.57,108,102.42,Past,43,,,,2126
142,2020/07/21 21:00:00+00,63.42,603,342.28,45.54,459,475,153,155.42,106,104.42,Past,57,,,,1956
143,2020/07/22 21:00:00+00,60.57,302,303.71,48.83,453,469.42,160,155.57,111,106.42,Past,58,,,,1962
144,2020/07/23 21:00:00+00,59.71,243,279.42,52.51,438,463.57,150,155.42,111,107.57,Past,56,,,,1947
145,2020/07/24 21:00:00+00,57.28,238,280.28,53.15,423,457,148,154,102,107.57,Past,47,,,,1834
146,2020/07/13 21:00:00+00,69.42,657,502.71,24.702,459,447.57,151,142.57,86,88.42,Past,,,,,3409
148,2020/07/25 21:00:00+00,53.14,224,278.14,54.51,409,448.85,151,154,104,107.42,Past,48,,,,1929
149,2020/07/26 21:00:00+00,48.3,79,262,69.98,396,436.85,145,152.14,101,106.14,Past,29,,,,1558
150,2020/07/27 21:00:00+00,47,240,275.57,65.92,390,424,140,149.57,97,104.57,Past,34,,,,1491
151,2020/07/28 21:00:00+00,44.28,232,222.57,71.47,370,411.28,133,146.71,97,103.28,Past,38,,,,1526
152,2020/07/29 21:00:00+00,41.28,235,213,71.36,371,399.57,128,142.14,89,100.14,Past,37,,,,1568
153,2020/07/30 21:00:00+00,39.85,278,218,70.93,355,387.71,131,139.42,88,96.85,Past,46,,,,1566
154,2020/07/31 21:00:00+00,37.714,280,224,70.38,338,375.57,127,136,83,94.14,Past,32,,,,1734
155,2020/08/01 21:00:00+00,36.71,222,223.71,71.38,321,363,119,131.85,87,91.71,Past,41,,,,1829
156,2020/08/02 21:00:00+00,36.28,247,247.71,56.2,307,350.28,119,128.14,81,88.85,Past,26,,,,1870
157,2020/08/03 21:00:00+00,36.57,335,261.28,54.75,310,338.85,114,124.42,75,85.71,Past,36,,,,1837
158,2020/08/04 21:00:00+00,37,273,218.22,55.11,309,330.14,113,121.57,74,82.42,Past,41,,,,1791
159,2020/08/05 21:00:00+00,38,202,262.42,57.43,308,321.14,111,119.14,70,79.71,Past,44,,,,1735
160,2020/08/06 21:00:00+00,35.85,232,255.85,59.66,297,312.85,106,115.57,73,77.57,Past,31,,,,1635
161,2020/08/07 21:00:00+00,34.71,224,247.85,62.29,279,304.42,105,112.42,74,76.28,Past,24,,,,1510
162,2020/08/08 21:00:00+00,35,122,233.57,71.37,275,297.85,96,109.14,75,74.57,Past,43,,,,1404
163,2020/08/09 21:00:00+00,35.28,122,215.71,81.41,278,293.71,98,106.14,77,74,Past,28,,,,1427
164,2020/08/10 21:00:00+00,32.85,229,200.57,85,271,288.14,101,104.28,76,74.14,Past,19,,,,1397
165,2020/08/11 21:00:00+00,33.57,296,203.85,84.86,279,283.85,98,102.14,75,74.28,Past,46,,,,1462
166,2020/08/12 21:00:00+00,32.71,172,199.57,87.57,275,279.14,98,100.28,65,73.57,Past,38,,,,1390
167,2020/08/13 21:00:00+00,32.85,297,208.85,85.96,263,274,92,98.28,65,72.42,Past,32,,,,1406
168,2020/08/14 21:00:00+00,32.57,152,198.57,91.63,236,268,89,96,60,70.42,Past,22,,,,1420
169,2020/08/15 21:00:00+00,31.85,138,200.85,90.5,228,261.42,86,94.57,58,68,Past,38,,,,1456
170,2020/08/16 21:00:00+00,31.57,136,202.85,89.63,234,255.14,83,92.42,54,64.71,Past,26,,,,1510
171,2020/08/17 21:00:00+00,32.71,265,208,88.82,236,250.14,83,89.857,54,61.57,Past,27,,,,1641
172,2020/08/18 21:00:00+00,29.428,350,215.714,88.04,230,243.14,79,87.14,56,58.85,Past,23,,,,1635
173,2020/08/19 21:00:00+00,27.28,303,234.42,82.69,215,234.57,78,84.28,55,57.42,Past,23,,,,1689
174,2020/08/20 21:00:00+00,27,291,233.57,83.422,208,226.7,73,81.57,50,55.28,Past,30,,,,1632
175,2020/08/21 21:00:00+00,26.714,206,241.28,80.12,190,220.14,67,78.42,45,53.14,Past,20,,,,1592
176,2020/08/22 21:00:00+00,24,81,233.14,94.38,184,213.85,63,75.14,40,50.57,Past,19,,,,1481
177,2020/08/23 21:00:00+00,22.85,96,227.42,103.43,172,205,63,72.28,40,48.57,Past,18,,,,1258
178,2020/08/24 21:00:00+00,21.14,154,211.57,111.03,171,195.71,58,68.71,39,46.42,Past,15,,,,1055
179,2020/08/25 21:00:00+00,21,127,179.71,124.45,171,187.28,59,65.85,40,44.14,Past,22,,,,886
180,2020/08/26 21:00:00+00,19.57,100,150.71,142.29,158,179.14,57,62.85,40,42,Past,13,,,,748
181,2020/08/27 21:00:00+00,18.85,122,126.57,155.09,159,172.14,58,60.7,37,40.14,Past,25,,,,676
182,2020/08/28 21:00:00+00,18.28,68,106.5,181.37,155,167.14,57,59.28,35,38.71,Past,16,,,,698
183,2020/08/29 21:00:00+00,19,9,96.57,442.11,148,162,57,58.42,33,37.71,Past,24,,,,626
184,2020/08/30 21:00:00+00,18.85,118,99.71,437.7,139,157.28,52,56.85,32,36.57,Past,17,,,,546
185,2020/08/31 21:00:00+00,18.42,82,89.42,453.23,136,152.28,51,55.85,30,35.28,Past,12,,,,505
186,2020/09/01 21:00:00+00,17.85,47,78,489.266,113,146.85,48,54.285,29,33.71,Past,18,,,,487
187,2020/09/02 21:00:00+00,17.85,59,72.14,508.27,125,142.14,44,52.42,29,32.14,Past,13,,,,547
188,2020/09/03 21:00:00+00,18,104,69.57,512.46,129,137.85,48,51,29,31,Past,26,,,,615
189,2020/09/04 21:00:00+00,18.71,128,78.14,494.75,128,134,47,49.57,27,29.85,Past,21,,,,535
190,2020/09/05 21:00:00+00,18.42,77,87.85,237.33,129,131.28,43,47.57,28,29.14,Past,22,,,,522
191,2020/09/06 21:00:00+00,18.57,38,76.42,285.89,124,129.14,42,46.14,28,28.57,Past,18,,,,561
192,2020/09/07 21:00:00+00,19,69,74.57,292.74,127,127.8,41,44.7,26,28,Past,15,,,,584
193,2020/09/08 21:00:00+00,18.42,86,80.14,267.77,122,126.28,42,43.85,26,27.57,Past,14,,,,698
194,2020/09/09 21:00:00+00,17.85,82,83.42,255.82,99,122.57,40,43.28,24,26.85,Past,9,,,,671
195,2020/09/10 21:00:00+00,17.14,218,99.71,242.7,92,117.28,38,41.85,25,26.28,Past,21,,,,647
196,2020/09/11 21:00:00+00,16.71,101,95.85,248.98,97,112.85,34,40,23,25.7,Past,18,,,,732
197,2020/09/12 21:00:00+00,16.57,53,92.42,266.04,91,107.42,37,39.14,21,24.71,Past,21,,,,738
198,2020/09/13 21:00:00+00,15.42,123,104.57,217.59,90,102.57,37,38.42,23,24,Past,10,,,,837
200,2020/09/14 21:00:00+00,14.85,75,105.42,215.43,93,97.71,34,37.42,18,23,Past,11,,,,897
201,2020/09/15 21:00:00+00,14.43,185,119.57,199.01,86,92.57,33,36.14,18,21.7,Past,11,,,,788
202,2020/09/16 21:00:00+00,13.85,142,128.14,185.62,74,89,29,34.57,14,20.28,Past,5,,,,850
203,2020/09/17 21:00:00+00,13.3,109,112.57,198.92,79,87.14,26,32.85,14,18.71,Past,17,,,,860
204,2020/09/18 21:00:00+00,13.57,163,121.42,189.08,82,85,20,30.85,12,17.14,Past,20,,,,740
205,2020/09/19 21:00:00+00,11.85,63,122.85,182.19,84,84,27,29.42,14,16.14,Past,9,,,,820
206,2020/09/20 21:00:00+00,12.57,3,105.7,1107.7,79,82.42,27,28,16,15.14,Past,15,,,,682
207,2020/09/21 21:00:00+00,14.28,155,117.14,1089.11,91,82.14,32,27.71,19,15.28,Past,23,,,,642
208,2020/09/22 21:00:00+00,15.14,47,97.42,1134.95,93,83.14,30,27.28,17,15.14,Past,17,,,,692
209,2020/09/23 21:00:00+00,15.71,102,91.71,1143.33,86,84.85,28,27.14,19,15.85,Past,9,,,,698
210,2020/09/24 21:00:00+00,16.14,159,98.85,1135.63,89,86.28,30,27.7,17,16.28,Past,20,,,,692
211,2020/09/25 21:00:00+00,15.14,169,99.7,1135.42,85,86.71,27,28.7,15,16.7,Past,13,,,,811
212,2020/09/26 21:00:00+00,15.85,57,98.85,1141.39,79,86,24,28.28,17,17.14,Past,14,,,,747
213,2020/09/27 21:00:00+00,15.71,122,115.85,217.33,84,86.71,24,27.85,16,17.14,Past,14,,,,778
215,2020/09/28 21:00:00+00,13,91,106.71,231.13,78,84.85,19,26,16,16.71,Past,4,,,,769
216,2020/09/29 21:00:00+00,11.85,78,111.14,207.9,73,82,18,24.28,7,15.28,Past,9,,,,672
217,2020/09/30 21:00:00+00,13,93,109.85,211.46,79,81,22,23.42,15,14.7,Past,17,,,,574
218,2020/10/01 21:00:00+00,12.28,62,96,240.988,83,80.14,26,22.85,12,14,Past,15,,,,620
219,2020/10/02 21:00:00+00,12.42,71,82,265.54,79,79.28,24,22.42,13,13.71,Past,14,,,,547
220,2020/10/03 21:00:00+00,12.14,103,88.57,243.31,72,78.28,26,22.71,14,13.28,Past,12,,,,514
221,2020/10/04 21:00:00+00,12,49,78.14,280.15,75,77,27,23.14,14,13,Past,13,,,,531
222,2020/10/05 21:00:00+00,12.71,58,73.42,299.38,78,77,25,24,13,12.57,Past,9,,,,483
223,2020/10/06 21:00:00+00,13.85,95,75.85,293.19,85,78.71,27,25.28,16,13.85,Past,17,,,,499
224,2020/10/07 21:00:00+00,13.14,45,69,328.1,79,78.7,27,26,18,14.28,Past,12,,,,518
225,2020/10/08 21:00:00+00,13.14,78,71.28,269.203,80,78.28,28,26.28,18,15.14,Past,15,,,,449
226,2020/10/09 21:00:00+00,14.71,90,74,233.916,88,79.57,27,26.71,19,16,Past,25,,,,521
228,2020/10/10 21:00:00+00,14.43,34,64.14,621.044,84,81.29,28,27,16,16.28,Past,10,,,,545
229,2020/10/11 21:00:00+00,14.57,121,74.428,174.704,87,83,30,27.42,20,17.14,Past,14,,,,551
230,2020/10/12 21:00:00+00,14.71,82,77.857,258.829,89,84.57,32,28.42,22,18.42,Past,10,,,,604
231,2020/10/13 21:00:00+00,14.71,101,78.714,210.706,92,85.57,31,29,21,19.14,Past,17,,,,613
232,2020/10/14 21:00:00+00,14.57,98,86.28,217.878,90,87.14,35,30.14,21,19.57,Past,11,,,,632
233,2020/10/15 21:00:00+00,16,87,87.57,280.47,98,89.71,36,31.28,23,20.28,Past,25,,,,709
234,2020/10/16 21:00:00+00,16.14,109,90.28,275.2,103,91.86,32,32,21,20.57,Past,26,,,,636
235,2020/10/17 21:00:00+00,17,111,101.28,214.23,97,93.71,36,33.14,24,21.71,Past,16,,,,651
236,2020/10/18 21:00:00+00,17.71,48,90.85,253.66,100,95.57,30,34.42,24,22.28,Past,19,,,,656
237,2020/10/19 21:00:00+00,19.14,97,93,248.6,104,97.71,43,36,24,22.57,Past,20,,,,627
238,2020/10/20 21:00:00+00,20.43,106,93.71,247.79,118,101.43,45,38,23,22.85,Past,26,,,,639
239,2020/10/21 21:00:00+00,23.29,69,89.57,261.83,133,107.57,46,39.57,23,23.14,Past,31,,,,614
240,2020/10/22 21:00:00+00,22.57,99,91.28,258.2,132,112.43,44,40.71,20,22.71,Past,20,,,,585
241,2020/10/23 21:00:00+00,21.85,84,87.71,267.34,116,114.28,43,42.28,21,22.71,Past,21,,,,595
242,2020/10/24 21:00:00+00,22.14,82,83.57,277.9,115,116.85,42,43.14,19,22,Past,18,,,,600
243,2020/10/25 21:00:00+00,22.28,58,85,267.8,118,119.42,39,43.14,17,21,Past,20,,,,616
244,2020/10/26 21:00:00+00,21,102,85.71,266.82,114,120.85,43,43.14,18,20.14,Past,11,,,,623
245,2020/10/27 21:00:00+00,19.14,122,88,263.47,112,120,40,42.42,18,19.42,Past,13,,,,616
246,2020/10/28 21:00:00+00,18.71,76,89,260.12,114,117.28,39,41.42,20,19,Past,28,,,,613
247,2020/10/29 21:00:00+00,17.28,92,88,263.2,111,114.28,41,41,19,18.85,Past,10,,,,650
248,2020/10/30 21:00:00+00,17.85,81,87.57,265.3,112,113.71,41,40.71,20,18.71,Past,25,,,,669
249,2020/10/31 21:00:00+00,16.71,119,92.85,253.95,97,111.14,41,40.57,21,19,Past,10,,,,650
250,2020/11/01 21:59:59+00,17.42,77,95.57,241.39,105,109.28,42,41,18,19.14,Past,25,,,,676
251,2020/11/02 21:59:59+00,18.57,83,92.85,249.28,117,109.71,37,40.14,17,19,Past,19,,,,754
252,2020/11/03 21:59:59+00,20.14,148,96.57,245.16,126,111.71,41,40.28,15,18.57,Past,24,,,,805
253,2020/11/04 21:59:59+00,20,154,107.71,224.42,134,114.57,52,42.14,20,18.57,Past,27,,,,904
254,2020/11/05 21:59:59+00,22.28,143,115,212.6,132,117.57,52,43.71,20,18.71,Past,26,,,,873
255,2020/11/06 21:59:59+00,22.14,180,129.14,191.36,131,120.28,44,44.14,18,18.42,Past,24,,,,948
256,2020/11/07 21:59:59+00,24.85,88,124.71,201.87,129,124.85,44,44.57,21,18.42,Past,29,,,,1079
257,2020/11/08 21:59:59+00,25,152,135.42,181.85,135,129.14,45,45,21,18.85,Past,26,,,,1108
258,2020/11/09 21:59:59+00,25.71,214,154.14,158.53,140,132.42,45,46.14,22,19.57,Past,24,,,,1164
259,2020/11/10 21:59:59+00,25.71,177,158.28,155.56,145,135.14,51,47.57,25,21,Past,24,,,,1212
260,2020/11/11 21:59:59+00,26.71,210,166.28,150.47,156,138.28,52,47.57,20,21,Past,34,,,,1276
261,2020/11/12 21:59:59+00,27.71,191,173.14,145.35,163,142.71,57,48.28,28,22.14,Past,33,,,,1488
263,2020/11/13 21:59:59+00,28,244,182.28,141.07,164,147.42,62,50.85,31,24,Past,26,,,,1444
264,2020/11/14 21:59:59+00,29.28,300,212.57,115.05,177,154.28,61,53.28,30,25.28,Past,38,,,,1387
265,2020/11/15 21:59:59+00,30.14,108,206.28,125.28,187,161.71,60,55.42,31,26.71,Past,32,,,,1461
266,2020/11/16 21:59:59+00,30.28,157,198.14,131.83,182,167.71,64,58.14,32,28.14,Past,25,,,,1557
267,2020/11/17 21:59:59+00,32.42,251,208.71,126.82,196,175,65,60.14,39,30.14,Past,39,,,,1656
268,2020/11/18 21:59:59+00,32.14,306,222.42,122.29,204,181.85,63,61.71,36,32.42,Past,32,,,,1780
269,2020/11/19 21:59:59+00,33.57,290,236.57,116.79,213,189,72,63.85,37,33.71,Past,43,,,,1671
270,2020/11/20 21:59:59+00,35.14,368,254.28,112.55,212,195.85,77,66,43,35.42,Past,37,,,,1824
271,2020/11/21 21:59:59+00,33.28,191,238.71,119.99,205,199.85,74,67.85,44,37.42,Past,25,,,,1985
272,2020/11/22 21:59:59+00,33.2857,261,260.5714,101.902,210,203.1428,77,70.2857,45,39.4285,Past,32,,,,2100
273,2020/11/23 21:59:59+00,35,318,283.5714,91.3141,219,208.4286,72,71.4286,46,41.4286,Past,37,,,,1912
274,2020/11/24 21:59:59+00,37.5714,366,300,87.5039,239,214.5714,81,73.7143,47,42.57,Past,57,,,,1785
275,2020/11/25 21:59:59+00,37.1429,118,273.1429,107.5171,226,217.7143,74,75.2857,48,44.2857,Past,29,,,,1682
276,2020/11/26 21:59:59+00,33,163,255,118.18,209,217.14,80,76.42,47,45.71,Past,14,,,,1723
277,2020/11/27 21:59:59+00,33,265,240.2857,122.6165,218,218,81,77,45,46,Past,37,,,,1609
278,2020/11/28 21:59:59+00,33.1429,232,246.1429,120.012,215,219.4286,73,76.8571,40,45.4286,Past,26,,,,1623
279,2020/11/29 21:59:59+00,32,147,229.8571,131.9328,205,218.7143,69,75.7143,39,44.5714,Past,24,,,,1637
280,2020/11/30 21:59:59+00,31.7142,332,231.8571,131.9343,218,218.5714,75,76.1428,46,44.5714,Past,35,,,,1799
281,2020/12/01 21:59:59+00,30,380,233.8571,131.9915,234,217.8571,71,74.7143,43,44,Past,45,,,,1866
282,2020/12/02 21:59:59+00,30,280,257,114.37,222,217.28,73,74.57,41,43,Past,29,,,,1900
283,2020/12/03 21:59:59+00,32.8571,230,266.5714,108.5028,222,219.1429,75,73.8571,43,42.4286,Past,34,,,,2027
284,2020/12/04 21:59:59+00,32,299,271.4286,107.522,213,218.4286,76,73.1429,46,42.5714,Past,31,,,,2164
285,2020/12/05 21:59:59+00,32.7143,359,289.5714,102.3078,216,218.5714,81,74.2857,43,43,Past,31,,,,2104
286,2020/12/06 21:59:59+00,33.8571,284,309.1429,90.585,227,221.7143,77,75.4286,43,43.5714,Past,32,,,,2079
287,2020/12/07 21:59:59+00,35,272,300.5714,93.9084,246,225.7143,75,75.4286,44,43.2857,Past,43,,,,2055
288,2020/12/08 21:59:59+00,34.5714,355,297,95.2123,257,229,82,77,52,44.5714,Past,42,,,,2252
289,2020/12/09 21:59:59+00,37.1428,256,293.5714,97.322,265,235.1428,81,78.1428,42,44.7142,Past,47,,,,2335
290,2020/12/10 21:59:59+00,40,427,321.7142,89.9728,280,243.4285,79,78.7142,46,45.1428,Past,54,,,,2211
291,2020/12/11 21:59:59+00,43,382,333.5714,87.7089,272,251.8571,90,80.7143,46,45.1429,Past,52,,,,2232
292,2020/12/12 21:59:59+00,46.8571,235,315.8571,94.5179,289,262.2857,90,82,47,45.7142,Past,58,,,,2375
294,2020/12/13 21:59:59+00,47.1428,305,318.8571,94.2749,295,272,90,83.8571,56,47.5714,Past,34,,,,2633
295,2020/12/14 21:59:59+00,46.7142,415,339.2857,89.7189,301,279.8571,86,85.4285,46,47.8571,Past,40,,,,2744
296,2020/12/15 21:59:59+00,46.4286,613,376.1429,85.3071,297,285.5714,87,86.1429,44,46.7143,Past,40,,,,2862
297,2020/12/16 21:59:59+00,47.5714,367,392,81.1999,309,291.8571,96,88.2857,47,47.4286,Past,55,,,,2895
298,2020/12/17 21:59:59+00,49.5714,545,408.8571,79.6197,320,297.5714,94,90.4285,47,47.5714,Past,68,,,,2934
299,2020/12/18 21:59:59+00,49.7142,415,413.5714,79.4451,332,306.1428,92,90.7142,54,48.7142,Past,53,,,,3051
300,2020/12/19 21:59:59+00,48.1429,274,419.1429,77.9639,323,311,90,90.7143,50,49.1429,Past,47,,,,3173
301,2020/12/20 21:59:59+00,47.8571,422,435.8571,74.8289,316,314,84,89.8571,47,47.8571,Past,32,,,,3232
302,2020/12/21 21:59:59+00,50.1429,537,453.2857,73.0736,333,318.5714,84,89.5714,50,48.4286,Past,56,,,,3240
303,2020/12/22 21:59:59+00,54.4285,672,461.7142,72.9319,349,326,90,90,52,49.5714,Past,70,,,,3156
304,2020/12/23 21:59:59+00,57.5714,375,462.8571,73.5411,373,335.1428,94,89.7142,52,50.2857,Past,77,,,,2997
305,2020/12/24 21:59:59+00,55,461,450.85,75.7,361,341,95,89.85,55,51.42,Past,50,,,,3138
306,2020/12/25 21:59:59+00,56.28,256,428.14,83.58,363,345.42,106,91.85,62,52.57,Past,62,,,,2932
307,2020/12/26 21:59:59+00,57,415,448.2857,78.752,372,352.4286,119,96,66,54.8571,Past,52,,,,2922
308,2020/12/27 21:59:59+00,62,216,418.8571,90.3904,404,365,136,103.4285,70,58.1428,Past,67,,,,2947
309,2020/12/28 21:59:59+00,63.7143,527,417.4286,91.1075,422,377.7143,132,110.2857,77,62,Past,68,,,,3118
310,2020/12/29 21:59:59+00,63.42,697,421,91.28,434,389.85,138,117.14,72,64.85,Past,68,,,,3058
311,2020/12/30 21:59:59+00,63.71,546,445.43,87.92,434,398.57,140,123.71,81,69,Past,79,,,,3357
312,2020/12/31 21:59:59+00,68.1428,401,436.8571,90.226,448,411,138,129.8571,85,73.2857,Past,81,,,,3350
313,2021/01/01 21:59:59+00,69.2857,555,479.5714,80.7731,441,422.1429,131,133.4286,85,76.5714,Past,70,,,,3532
314,2021/01/02 21:59:59+00,72,408,478.5714,81.7935,453,433.7143,141,136.5714,84,79.1429,Past,71,,,,3757
315,2021/01/03 21:59:59+00,74.28,398,504.57,72.42,484,445.14,151,138.71,92,82.28,Past,83,,,,3624
316,2021/01/04 21:59:59+00,76.57,752,536.71,70.14,552,459.42,156,142.14,91,84.28,Past,84,,,,3741
317,2021/01/05 21:59:59+00,83.2857,564,517.7143,72.4719,574,479.4286,161,145.4286,99,88.1429,Past,115,,,,4219
318,2021/01/06 21:59:59+00,84.71,663,534.42,71.41,569,498.71,162,148.57,104,91.42,Past,89,,,,4256
319,2021/01/07 21:59:59+00,85.85,879,602.71,65.03,573,516.57,164,152.28,103,94,Past,89,,,,4312
320,2021/01/08 21:59:59+00,88.5714,592,608,65.1755,575,535.7143,157,156,105,96.8571,Past,89,,,,3914
321,2021/01/09 21:59:59+00,93.71,464,616,64.57,586,554.71,180,161.57,114,101.14,Past,107,,,,4117
322,2021/01/10 21:59:59+00,91.28,0,0,0,572,567.28,180,165.71,110,103.71,Past,66,,1/10/2021,0,4269
323,2021/01/11 21:59:59+00,87,955,588.14,40.95,564,573.28,180,169.143,106,105.85,Past,54,,,,4351
324,2021/01/12 21:59:59+00,87.28,716,609.85,49.15,601,577.14,190,173.28,104,106.57,Past,117,,,,4580
325,2021/01/13 21:59:59+00,85.57,745,621.57,48.84,607,582.57,185,176.57,104,106.57,Past,77,3,,,4678
326,2021/01/14 21:59:59+00,87.5714,1108,654.2857,47.9708,601,586.5714,186,179.7142,107,107.1428,Past,103,3,,,4509
327,2021/01/15 21:59:59+00,87.85,690,668.28,47.31,608,591.28,189,184.28,107,107.42,Past,91,4,,,4912
328,2021/01/16 21:59:59+00,85.29,295,644.14,55.75,607,594.29,182,184.57,97,105,Past,89,2,,,4643
329,2021/01/17 21:59:59+00,84.8571,403,701.7142,70.7284,591,597,176,184,105,104.2857,Past,63,0,,,4761
330,2021/01/18 21:59:59+00,88.2857,686,663.2857,73.7386,602,602.4286,176,183.4286,106,104.2857,Past,78,2,,,4750
331,2021/01/19 21:59:59+00,87.85,834,680.14,73.17,619,605,183,182.42,105,104.42,Past,114,11,,,4357
332,2021/01/20 21:59:59+00,86.43,734,678.57,73.94,604,604.57,181,181.86,108,105,Past,67,19,,,4207
333,2021/01/21 21:59:59+00,83.85,715,622.42,77.49,589,602.85,167,179.14,101,104.14,Past,85,25,,,4279
334,2021/01/22 21:59:59+00,82.57,540,601,80.69,587,599.85,169,176.28,107,104.14,Past,82,26,,,4181
335,2021/01/23 21:59:59+00,80.42,367,611.28,77.84,553,592.14,164,173.71,100,104.57,Past,74,25,,,4039
336,2021/01/24 21:59:59+00,82.85,305,597.28,84.05,574,589.71,167,172.42,96,103.28,Past,80,26,,,3907
337,2021/01/25 21:59:59+00,81.42,544,577,87.13,577,586.14,157,169.71,90,101,Past,68,28,,,3823
338,2021/01/26 21:59:59+00,77.14,702,558.14,89.1,572,579.42,162,166.71,96,99.71,Past,84,36,,,3815
339,2021/01/27 21:59:59+00,80,650,546.14,90.79,559,563.85,163,164.14,97,98.14,Past,87,42,,,3729
340,2021/01/28 21:59:59+00,80.42,707,545,91.4389,564,560.2857,153,162.1428,97,97.5714,Past,88,47,,,3632
341,2021/01/29 21:59:59+00,76.43,454,532.71,94.52,547,554.57,155,160.14,88,94.86,Past,54,49,,,3768
342,2021/01/30 21:59:59+00,75.14,270,518.85,102.19,520,549.8571,162,159.8571,99,94.7143,Past,65,50,,,3901
343,2021/01/31 21:59:59+00,72.28,441,538.28,96.47,514,544.28,153,157.85,99,95.14,Past,60,46,,,3880
344,2021/02/01 21:59:59+00,68.42,677,557.28,94.68,510,538.1429,151,157,103,97,Past,41,44,,,3772
345,2021/02/02 21:59:59+00,65.86,681,554.29,95.55,504,531.14,147,154.86,102,97.86,Past,66,47,,,3598
346,2021/02/03 21:59:59+00,62.57,542,538.86,98.29,499,522.57,148,152.71,101,98.43,Past,64,48,,,3406
347,2021/02/04 21:59:59+00,59.28,533,514,102.08,484,511.14,144,151.42,100,98.85,Past,65,43,,,3333
348,2021/02/05 21:59:59+00,60.14,262,486.57,114.36,483,502,136,148.71,85,98.42,Past,60,48,,,3100
349,2021/02/06 21:59:59+00,57.42,197,476.14,125.43,452,492.28,137,145.14,92,97.42,Past,46,40,,,2871
350,2021/02/07 21:59:59+00,54.85,208,442.85,144.38,446,482.57,132,142.14,92,96.42,Past,42,39,,,2536
351,2021/02/08 21:59:59+00,55.29,448,410.14,150.26,446,473.43,133,139.57,96,95.43,Past,44,39,,,2341
352,2021/02/09 21:59:59+00,53.29,346,362.29,160.96,424,462,132,137.43,94,94.29,Past,52,36,,,2095
353,2021/02/10 21:59:59+00,50.29,347,334.43,168.96,411,449.43,130,134.86,87,92.29,Past,43,35,,,2112
354,2021/02/11 21:59:59+00,48.14,287,299.28,181.13,384,435.14,116,130.85,67,87.57,Past,50,38,,,1915
355,2021/02/12 21:59:59+00,46.57,279,301.71,180.23,372,419.29,111,127.29,72,85.71,Past,49,36,,,0
356,2021/02/13 21:59:59+00,46.43,,,,364,406.71,109,123.29,74,83.14,Past,45,35,,0,0
357,2021/02/14 21:59:59+00,45.42,,,,364,395,110,120.14,71,80.14,Past,35,33,,0,0
358,2021/02/15 21:59:59+00,41.42,,,,364,383.28,109,116.71,70,76.42,Past,16,33,2/15/2021,0,0
359,2021/02/16 21:59:59+00,36.57,,,,366,375,112,113.86,74,73.57,Past,18,34,2/16/2021,0,0
360,2021/02/17 21:59:59+00,35.14,,,,383,371,111,111.14,71,71.29,Past,33,41,2/17/2021,0,0
361,2021/02/18 21:59:59+00,33.43,,,,392,372.14,114,110.86,76,72.57,Past,38,53,2/18/2021,0,0
362,2021/02/19 21:59:59+00,31,,,,370,371.86,115,111.43,78,73.43,Past,32,53,2/19/2021,0,0
363,2021/02/20 21:59:59+00,30.29,,,,356,370.71,114,112.14,75,73.57,Past,40,57,2/20/2021,0,0
364,2021/02/21 21:59:59+00,,271,,,340,,111,,60,,Past,35,52,2/21/2021,0,0
365,2021/02/22 21:59:59+00,,397,,,338,,104,,69,,Past,34,47,2/22/2021,0,0
367,2021/02/24 21:59:59+00,,237,,,304,,102,,71,,Past,35,37,2/24/2021,0,0
368,2021/02/23 21:59:59+00,,392,,,319,,112,,75,,Past,36,38,2/23/2021,0,0
369,2021/02/25 21:59:59+00,,212,,,285,,98,,62,,Past,35,37,2/25/2021,0,0
370,2021/02/26 21:59:59+00,,315,,,298,,101,,67,,Past,41,34,2/26/2021,0,0
371,2021/02/27 21:59:59+00,34.43,255,297,184.81,276,308.57,84,101.71,63,66.71,Past,25,33,2/27/2021,,0
372,2021/02/28 21:59:59+00,32.14,19,261,555.66,260,297.14,80,97.28,62,67,Past,19,31,2/28/2021,,1827
373,2021/03/01 21:59:59+00,29.42,265,242.14,565.61,248,284.28,76,93.28,58,65.42,Past,15,32,3/1/2021,,1695
374,2021/03/02 21:59:59+00,28.57,187,212.86,587.27,241,273.14,73,87.71,56,62.71,Past,30,36,3/2/2021,,1490
375,2021/03/03 21:59:59+00,28.14,186,205.57,596.7,242,264.29,74,83.71,53,60.14,Past,32,34,3/3/2021,,1439
376,2021/03/04 21:59:59+00,26.85,91,188.28,645.21,235,257.14,69,79.57,54,59,Past,26,33,3/4/2021,,1318
377,2021/03/05 21:59:59+00,26,82,155,714.52,233,247.85,68,74.85,48,56.28,Past,35,33,3/5/2021,,1085
378,2021/03/06 21:59:59+00,26.14,60,127.14,812.37,222,240.14,71,73,49,54.28,Past,26,29,3/6/2021,,890
379,2021/03/07 21:59:59+00,27,131,143.14,472.79,225,235.14,73,72,50,52.57,Past,25,29,3/7/2021,,1002
380,2021/03/08 21:59:59+00,29.28,104,120.14,517.94,228,232.28,72,71.42,55,52.14,Past,31,28,3/8/2021,,841
381,2021/03/09 21:59:59+00,28.42,113,109.57,545.27,220,229.28,72,71.28,43,50.28,Past,24,26,3/9/2021,,767
386,2021/03/10 21:59:59+00,26.85,227,115.42,538.22,217,225.71,71,70.85,42,48.71,Past,21,23,3/10/2021,,808
387,2021/03/11 21:59:59+00,25.57,149,123.71,506.13,202,221,68,70.71,40,46.71,Past,17,21,3/11/2021,,866
388,2021/03/12 21:59:59+00,23.71,98,126,491.81,197,215.86,69,70.86,39,45.43,Past,22,20,3/12/2021,,882
389,2021/03/13 21:59:59+00,23,79,128.71,462.28,178,209.57,65,70,42,44.42,Past,21,15,3/13/2021,,901
390,2021/03/14 21:00:00+00,22,77,121,462.29,180,203.14,63,68.57,41,43.14,Past,18,14,3/14/2021,,847
391,2021/03/15 21:00:00+00,19.85,184,132.42,472.83,182,196.57,61,67,40,41,Past,16,14,3/15/2021,,927
392,2021/03/16 21:00:00+00,18.85,106,131.42,478.19,173,189.85,61,65.42,39,40.42,Past,17,11,3/16/2021,,920
393,2021/03/17 21:00:00+00,20.71,56,107,583.22,179,184.43,62,64.14,37,39.71,Past,34,9,3/17/2021,,749
394,2021/03/18 21:00:00+00,22,85,97.85,623.05,177,180.85,57,62.57,34,38.85,Past,26,6,3/18/2021,,685
395,2021/03/19 21:00:00+00,21.42,95,97.42,626.26,170,177,55,60.57,31,37.71,Past,18,4,3/19/2021,,682
396,2021/03/20 21:00:00+00,21.71,97,100,608.8,158,174.14,57,59.42,36,36.85,Past,23,1,3/20/2021,,700
397,2021/03/21 21:00:00+00,21.57,85,101.14,600.17,150,169.86,55,58.29,34,35.86,Past,17,0,3/21/2021,,708
398,2021/03/22 21:00:00+00,22,115,91.28,626.04,151,165.42,59,58,37,35.42,Past,19,0,3/22/2021,,639
399,2021/03/23 21:00:00+00,22.429,64,85.286,675.132,154,162.714,62,58.143,37,35.143,Past,20,0,3/23/2021,,597
400,2021/03/24 21:00:00+00,22,124,95,599.452,158,159.714,59,57.714,37,35.143,Past,31,0,3/24/2021,,665
401,2021/03/25 21:00:00+00,21.14,106,98,581.94,160,157.29,57,57.71,35,35.29,Past,20,0,3/25/2021,,686
402,2021/03/26 21:00:00+00,20.286,59,92.857,633.145,152,154.714,54,57.571,33,33.571,Past,12,0,3/26/2021,,650
403,2021/03/27 21:00:00+00,19.143,167,102.857,599.824,146,153,57,57.571,31,34.857,Past,15,0,3/27/2021,,720
404,2021/03/28 21:00:00+00,18.857,79,102,607.715,148,152.714,55,57.571,29,34.143,Past,15,0,3/28/2021,,714
405,2021/03/29 21:00:00+00,18.857,87,98,630.418,149,152.429,57,57.286,30,33.143,Past,19,0,3/29/2021,,686
406,2021/03/30 21:00:00+00,18.143,91,101.857,594.869,141,150.571,46,55,31,32.286,Past,15,0,3/30/2021,,713
407,2021/03/31 21:00:00+00,17.429,132,103,591.578,146,148.857,52,54,31,31.429,Past,26,0,3/31/2021,,721
408,2021/04/01 21:00:00+00,16.429,107,103,591.571,141,146.143,54,53.571,29,30.571,Past,13,0,4/1/2021,,722
409,2021/04/02 21:00:00+00,18.143,98,108.714,539.279,139,144.286,56,53.857,29,30,Past,24,0,4/2/2021,,761
410,2021/04/03 21:00:00+00,19.714,71,95,604.039,138,143.143,59,54.143,28,29.571,Past,26,0,4/3/2021,,665
411,2021/04/04 21:00:00+00,19,0,83.714,504.257,134,141.143,51,53.571,20,28.286,Past,10,0,4/4/2021,0,586
412,2021/04/05 21:00:00+00,18.714,152,93,465.857,142,140.143,49,52.429,22,27.143,Past,17,0,4/5/2021,,651
413,2021/04/06 21:00:00+00,19.268,142,100.286,435.138,136,139.429,47,52.571,24,26.143,Past,19,0,4/6/2021,,702
414,2021/04/07 21:00:00+00,18.857,135,100.714,434.327,140,138.571,51,52.429,24,25.143,Past,23,0,4/7/2021,,705
415,2021/04/08 21:00:00+00,19.857,109,116.286,507.65,139,138.286,47,51.429,21,24,Past,20,0,4/8/2021,,707
416,2021/04/09 21:00:00+00,17.857,92,100.143,439.663,131,137.143,48,50.286,19,22.571,Past,10,0,4/9/2021,,701
417,2021/04/10 21:00:00+00,17,149,111.286,381.575,127,135.571,43,48,17,21,Past,20,0,4/10/2021,,779
418,2021/04/11 21:00:00+00,18.143,174,136.143,427.708,130,135,43,46.857,20,21,Past,18,0,4/11/2021,,953
419,2021/04/12 21:00:00+00,18.286,107,129.714,450.593,134,133.857,41,45.714,20,20.714,Past,18,0,4/12/2021,,888
420,2021/04/13 21:00:00+00,17.143,89,122.143,485.014,131,133.143,38,44.429,20,20.143,Past,11,0,4/13/2021,,855
421,2021/04/14 21:00:00+00,17.429,157,125.286,477.935,135,132.429,36,42.286,18,19.286,Past,25,0,4/14/2021,,877
422,2021/04/15 21:00:00+00,16.857,110,125.429,478.065,129,131,38,41,18,18.857,Past,16,0,4/15/2021,,878
423,2021/04/16 21:00:00+00,20.714,93,125.571,478.074,138,132,41,40,23,19.429,Past,37,0,4/16/2021,,879
424,2021/04/17 21:00:00+00,22.143,136,123.714,483.861,145,134.571,40,39.571,22,20.143,Past,30,0,4/17/2021,,866
425,2021/04/18 21:00:00+00,22.429,61,107.571,570.74,146,136.857,40,39.143,22,20.429,Past,20,0,4/18/2021,,753
426,2021/04/19 21:00:00+00,21.571,143,115.571,535.056,144,138.286,42,39.286,21,20.571,Past,12,0,4/19/2021,,809
427,2021/04/20 21:00:00+00,22.571,128,118.286,524.721,137,139.143,39,39.429,20,20.571,Past,18,0,4/20/2021,,828
428,2021/04/21 21:00:00+00,22.571,81,107.429,573.937,151,141.429,40,40,19,20.714,Past,25,0,4/21/2021,,752
429,2021/04/22 21:00:00+00,22.429,49,98.714,666.914,146,143.857,34,39.429,18,20.714,Past,15,0,4/22/2021,,691
430,2021/04/23 21:00:00+00,20.714,86,97.714,674.799,144,144.714,39,39.143,20,20.286,Past,25,0,4/23/2021,,684
431,2021/04/24 21:00:00+00,19.286,53,85.857,769.363,137,143.571,39,39,20,20,Past,20,0,4/24/2021,,601
432,2021/04/25 21:00:00+00,17.429,72,87.429,749.876,128,141,40,39,19,19.571,Past,7,0,4/25/2021,,612
433,2021/04/26 21:00:00+00,19.143,95,80.571,779.211,138,140.143,46,39.571,22,19.714,Past,24,0,4/26/2021,,564
434,2021/04/27 21:00:00+00,18.286,151,83.857,769.905,131,139.286,48,40.857,23,20.143,Past,12,0,4/27/2021,,587
435,2021/04/28 21:00:00+00,18.571,95,85.857,755.7,137,137.286,47,41.857,25,21,Past,27,0,4/28/2021,,601
436,2021/04/29 21:00:00+00,19.143,105,93.857,667.51,135,135.714,47,43.714,24,21.857,Past,19,0,4/29/2021,,657
437,2021/04/30 21:00:00+00,18.857,82,93.286,672.939,133,134.143,46,44.714,27,22.857,Past,23,0,4/30/2021,,653
438,2021/05/01 21:00:00+00,18.429,63,94.714,649.512,128,132.857,43,45.286,25,23.571,Past,17,0,5/1/2021,,663
439,2021/05/02 21:00:00+00,19.143,46,91,715.12,115,131,44,45.857,26,24.571,Past,12,0,5/2/2021,,637
440,2021/05/03 21:00:00+00,17.286,78,88.571,734.706,115,127.714,44,45.571,23,24.714,Past,11,0,5/3/2021,,620
441,2021/05/04 21:00:00+00,17.429,40,72.714,886.778,112,125,46,45.286,24,24.857,Past,13,0,5/4/2021,,509
442,2021/05/05 21:00:00+00,16.286,92,72.286,890.148,111,121.286,45,45,26,25,Past,19,0,5/5/2021,,506
443,2021/05/06 21:00:00+00,15.714,75,68,922.119,105,117,37,43.571,18,24.143,Past,15,0,5/6/2021,,476
444,2021/05/07 21:00:00+00,14.857,82,68,922.699,103,112.714,36,42.143,20,23.143,Past,17,0,5/7/2021,,476
445,2021/05/08 21:00:00+00,14.571,67,68.571,915.607,105,109.429,36,41.143,19,22.286,Past,15,0,5/8/2021,,480
446,2021/05/09 21:00:00+00,14.571,19,64.714,1172.693,101,107.429,31,39.286,19,21.286,Past,12,0,5/9/2021,,453
447,2021/05/10 21:00:00+00,16,101,68,1149.071,109,106.571,31,37.429,17,20.429,Past,21,0,5/10/2021,,476
448,2021/05/11 21:00:00+00,17,60,70.857,1081.093,101,105,32,35.429,17,19.429,Past,20,0,5/11/2021,,496
449,2021/05/12 21:00:00+00,16.714,83,69.571,1091.422,108,104.571,39,34.571,18,18.286,Past,17,0,5/12/2021,,487
450,2021/05/13 21:00:00+00,17.429,56,66.857,1129.684,114,105.857,39,34.857,20,18.571,Past,20,0,5/13/2021,,468
451,2021/05/14 21:00:00+00,17.286,60,63.714,1167.459,111,107,37,35,20,18.571,Past,16,0,05/14/2021,,446
452,2021/05/15 21:00:00+00,17,0,54.143,1043.854,100,106.286,37,35.143,19,18.571,Past,13,0,5/15/2021,,379
453,2021/05/16 21:00:00+00,15.857,0,51.429,607.633,89,104.571,31,35.143,18,18.429,Past,4,0,5/16/2021,0,360
454,2021/05/17 21:00:00+00,13.857,105,52,604.849,85,101.143,29,34.857,17,18.429,Past,7,0,5/17/2021,,364
455,2021/05/18 21:00:00+00,12.714,37,48.714,691.826,81,98.286,28,34.286,14,18,Past,12,0,5/18/2021,,341
456,2021/05/19 21:00:00+00,13,54,44.571,746.201,91,95.857,28,32.714,14,17.429,Past,19,0,5/19/2021,,312
457,2021/05/20 21:00:00+00,13,38,42,817.352,96,93.286,29,31.286,15,16.714,Past,20,0,5/20/2021,,294
458,2021/05/21 21:00:00+00,12.7,29,37.571,966.597,91,90.429,28,30,21,16.857,Past,14,0,5/21/2021,,263
459,2021/05/22 21:00:00+00,12.857,0,37.571,966.597,94,89.571,28,28.714,14,16.143,Past,14,0,5/22/2021,0,263
460,2021/05/23 21:00:00+00,14.143,0,37.571,966.597,98,90.857,30,28.571,14,15.571,Past,13,0,5/23/2021,0,263
461,2021/05/24 21:00:00+00,15.143,0,0,0,91,91.714,25,28,11,14.714,Past,14,0,5/24/2021,0,158
462,2021/05/25 21:00:00+00,15.714,92,30.429,752.774,95,93.714,27,27.857,13,14.571,Past,16,0,5/25/2021,,213
463,2021/05/26 21:00:00+00,14.714,34,27.571,844.254,96,94.429,36,29,17,15,Past,12,0,5/26/2021,,193
464,2021/05/27 21:00:00+00,13.429,43,28.286,819.165,90,93.571,34,29.714,15,15,Past,11,0,5/27/2021,,198
465,2021/05/28 21:00:00+00,14.143,29,28.286,819.848,89,93.286,33,30.429,16,14.286,Past,19,0,5/28/2021,,198
466,2021/05/29 21:00:00+00,14,0,28.286,819.848,89,92.571,33,31.143,16,14.571,Past,13,0,5/29/2021,,198
467,2021/05/30 21:00:00+00,13,0,28.286,819.848,81,90.143,32,31.429,17,15,Past,6,0,5/30/2021,0,198
468,2021/05/31 21:00:00+00,12,0,28.286,819.848,76,88,30,32.143,13,15.286,Past,7,0,5/31/2021,0,198
469,2021/06/01 21:00:00+00,12,43,21.286,923.763,84,86.429,28,32.286,12,15.143,Past,16,0,6/1/2021,,149
470,2021/06/02 21:00:00+00,11.143,65,25.714,806.703,78,83.857,30,31.429,12,14.429,Past,6,0,6/2/2021,,180
471,2021/06/03 21:00:00+00,11.286,48,26.429,786.814,78,82.143,32,31.143,17,14.714,Past,12,0,6/3/2021,,185
472,2021/06/04 21:00:00+00,10.429,32,26.857,760.336,80,80.857,30,30.714,15,14.571,Past,13,0,6/4/2021,,188
473,2021/06/05 21:00:00+00,9.857,0,26.857,760.336,76,79,29,30.143,13,14.143,Past,9,0,6/5/2021,0,188
474,2021/06/06 21:00:00+00,10.143,0,26.857,760.336,79,78.714,28,29.571,13,13.571,Past,8,0,6/6/2021,0,188
475,2021/06/07 21:00:00+00,10.571,52,34.286,921.702,78,79,30,29.571,14,13.714,Past,10,0,6/7/2021,,240
476,2021/06/08 21:00:00+00,10.286,85,40.286,825.778,82,78.714,33,30.286,16,14.286,Past,14,0,6/8/2021,,282
477,2021/06/09 21:00:00+00,11,25,34.571,1033.097,84,79.571,32,30.571,15,14.714,Past,11,0,6/9/2021,,242
478,2021/06/10 21:00:00+00,11.143,32,32.286,1121.176,88,81,36,31.143,15,14.429,Past,13,0,6/10/2021,,226
479,2021/06/11 21:00:00+00,10.857,0,27.714,859.057,87,82,36,32,15,14.429,Past,11,0,6/11/2021,0,194
480,2021/06/12 21:00:00+00,11.143,0,27.714,859.057,83,83,36,33,14,14.571,Past,11,0,6/12/2021,0,194
481,2021/06/13 21:00:00+00,10.857,0,27.714,859.057,80,83.143,33,33.714,12,14.429,Past,6,0,6/13/2021,0,194
482,2021/06/14 21:00:00+00,9.714,0,20.286,697.692,72,82.286,32,34,14,14.429,Past,2,0,6/14/2021,0,142
483,2021/06/15 21:00:00+00,9,170,32.429,648.386,72,80.857,31,33.714,14,14.143,Past,9,0,6/15/2021,,227
484,2021/06/16 21:00:00+00,8.286,29,33,602.798,71,79,31,33.571,14,14,Past,6,0,6/16/2021,,231
485,2021/06/17 21:00:00+00,7.429,41,34.286,545.69,70,76.429,30,32.714,16,14.143,Past,7,0,6/17/2021,,240
486,2021/06/18 21:00:00+00,7.143,0,34.286,545.69,66,73.429,26,31.286,20,14.857,Past,9,0,6/18/2021,0,240
487,2021/06/19 21:00:00+00,6.571,0,34.286,545.69,63,70.571,27,30,15,15,Past,7,0,6/19/2021,0,240
488,2021/06/20 21:00:00+00,7.143,0,34.286,545.69,65,68.429,23,28.571,20,16.143,Past,10,0,6/20/2021,0,240
489,2021/06/21 21:00:00+00,7.857,39,39.857,761.957,65,67.429,23,27.286,11,15.714,Past,7,0,6/21/2021,,279
490,2021/06/22 21:00:00+00,8.429,84,27.571,812.94,72,67.429,24,26.286,11,15.286,Past,13,0,6/22/2021,,193
491,2021/06/23 21:00:00+00,8.857,42,29.429,723.452,67,66.857,26,25.571,11,14.857,Past,9,0,6/23/2021,,206
492,2021/06/24 21:00:00+00,8.571,25,27.143,855.871,60,65.429,25,24.857,11,14.143,Past,5,0,6/24/2021,,190
493,2021/06/25 21:00:00+00,9.286,37,32.429,1084.341,59,64.429,27,25,13,13.143,Past,14,0,6/25/2021,,227
494,2021/06/26 21:00:00+00,8.857,0,32.429,1084.341,58,63.714,23,24.429,13,12.857,Past,4,0,6/26/2021,0,227
495,2021/06/27 21:00:00+00,8.429,0,32.429,1084.341,53,62,23,24.429,13,11.857,Past,7,0,6/27/2021,0,227
496,2021/06/28 21:00:00+00,8.571,39,32.429,1084.923,58,61,23,24.429,10,11.714,Past,8,0,6/28/2021,,227
497,2021/06/29 21:00:00+00,8,96,34.143,1072.602,60,59.286,25,24.571,15,12.286,Past,9,0,6/29/2021,,239
498,2021/06/30 21:00:00+00,7.714,22,31.286,1256.518,56,57.714,21,23.857,13,12.571,Past,7,0,6/30/2021,,219
499,2021/07/01 21:00:00+00,8.143,42,33.714,1120.215,55,57,21,23.286,10,12.429,Past,8,0,7/1/2021,,236
500,2021/07/02 21:00:00+00,7.429,72,38.714,1009.481,55,56.429,22,22.571,10,12,Past,9,0,7/2/2021,,271
501,2021/07/03 21:00:00+00,9.429,0,38.714,1009.481,67,57.714,24,22.714,10,11.571,Past,18,0,7/3/2021,0,271
502,2021/07/04 21:00:00+00,9.143,0,38.714,1009.481,63,59.143,24,22.857,8,10.857,Past,5,0,7/4/2021,0,271
503,2021/07/05 21:00:00+00,10.714,0,33.143,792.632,75,61.571,26,23.286,12,11.143,Past,19,0,7/5/2021,0,232
504,2021/07/06 21:00:00+00,11.429,46,26,888.936,82,64.714,26,23.429,13,10.857,Past,14,0,7/6/2021,,182
505,2021/07/07 21:00:00+00,13.857,159,45.571,557.297,91,69.714,31,24.857,14,11,Past,24,0,7/7/2021,,319
506,2021/07/08 21:00:00+00,14.286,80,51,461.873,87,74.286,34,26.714,17,12,Past,11,0,7/8/2021,,357
507,2021/07/09 21:00:00+00,14.857,72,51,462.369,89,79.143,36,28.714,16,12.857,Past,13,0,7/9/2021,,357
508,2021/07/10 21:00:00+00,15.143,0,51,462.369,98,83.571,39,30.857,21,14.429,Past,20,0,7/10/2021,0,357
509,2021/07/11 21:00:00+00,16.429,0,51,462.369,98,88.571,41,33.286,21,16.286,Past,14,0,7/11/2021,0,357
510,2021/07/12 21:00:00+00,17.571,85,63.143,562.603,115,94.286,44,35.857,21,17.571,Past,27,0,7/12/2021,,442
511,2021/07/13 21:00:00+00,19,202,85.429,420.383,124,100.286,49,39.143,23,19,Past,24,0,7/13/2021,,598
512,2021/07/14 21:00:00+00,19.714,128,81,433.781,137,106.857,47,41.429,25,20.571,Past,29,0,7/14/2021,,567
513,2021/07/15 21:00:00+00,21.714,173,94.286,376.96,152,116.143,49,43.571,23,21.429,Past,25,0,7/15/2021,,660
514,2021/07/16 21:00:00+00,25.286,133,103,323.229,170,127.714,58,46.714,31,23.571,Past,38,0,7/16/2021,,721
515,2021/07/17 21:00:00+00,27.429,0,103,323.229,176,138.857,65,50.429,28,24.571,Past,35,0,7/17/2021,0,721
516,2021/07/18 21:00:00+00,28.857,0,103,323.229,177,150.143,66,54,30,25.857,Past,24,0,7/18/2021,0,721
517,2021/07/19 21:00:00+00,30.429,159,113.571,277.033,196,161.714,70,57.714,32,27.429,Past,38,0,7/19/2021,,795
518,2021/07/20 21:00:00+00,30.857,282,125,265.338,196,172,66,60.143,34,29,Past,27,0,7/20/2021,,875
519,2021/07/21 21:00:00+00,32.571,163,130,251.534,203,181.429,74,64,37,30.714,Past,41,0,7/21/2021,,910
520,2021/07/22 21:00:00+00,34.571,302,148.429,230.696,220,191.143,82,68.714,40,33.143,Past,39,0,7/22/2021,,1039
521,2021/07/23 21:00:00+00,34.429,299,172.143,195.234,220,198.286,91,73.429,47,35.429,Past,37,0,7/23/2021,,1205
522,2021/07/24 21:00:00+00,34.571,0,172.143,195.234,235,206.714,88,76.714,46,38,Past,36,0,7/24/2021,0,1205
523,2021/07/25 21:00:00+00,37,0,172.143,195.234,253,217.571,91,80.286,45,40.143,Past,41,0,7/25/2021,0,1205
524,2021/07/26 21:00:00+00,37.143,446,213.143,160.731,265,227.429,95,83.857,48,42.429,Past,39,0,7/26/2021,,1492
526,2021/07/27 21:00:00+00,41.857,375,226.429,153.558,292,241.143,103,89.143,59,46,Past,60,0,7/27/2021,,1585
527,2021/07/28 21:00:00+00,45.429,490,273.143,118.524,314,257,106,93.714,58,49,Past,66,0,7/28/2021,,1912
528,2021/07/29 21:00:00+00,47.429,451,294.429,109.483,325,272,109,97.571,62,52.143,Past,53,0,7/29/2021,,2061
529,2021/07/30 21:00:00+00,49.857,546,329.714,96.724,338,288.857,117,101.286,65,54.714,Past,54,0,7/30/2021,,2308
530,2021/07/31 21:00:00+00,54.714,0,329.714,96.724,362,307,113,104.857,70,58.143,Past,70,0,7/31/2021,0,2308
531,2021/08/01 21:00:00+00,57.857,0,329.714,96.724,385,325.857,129,110.286,72,62,Past,63,0,8/1/2021,0,2308
532,2021/08/02 21:00:00+00,61.143,693,365,90.094,408,346.286,137,116.286,80,66.571,Past,62,0,8/2/2021,,2555
533,2021/08/03 21:00:00+00,63.429,601,397.286,81.738,433,366.429,153,123.429,79,69.429,Past,76,0,8/3/2021,,2781
534,2021/08/04 21:00:00+00,67,527,402.571,81.005,477,389.714,161,131.286,100,75.429,Past,91,0,8/4/2021,,2818
535,2021/08/05 21:00:00+00,70.571,640,429.571,75.655,483,412.286,167,139.571,103,81.286,Past,78,0,8/5/2021,,3007
536,2021/08/06 21:00:00+00,78.429,467,418.286,79.053,510,436.857,184,149.143,102,86.571,Past,109,0,8/6/2021,,2928
537,2021/08/07 21:00:00+00,79.429,0,418.286,79.053,519,459.286,168,157,115,93,Past,77,0,8/7/2021,0,2928
538,2021/08/08 21:00:00+00,80.857,0,418.286,79.053,539,481.286,183,164.714,113,98.857,Past,73,0,8/8/2021,0,2928
539,2021/08/09 21:00:00+00,82.571,445,382.857,86.903,557,502.571,191,172.429,116,104,Past,74,0,8/9/2021,,2680
540,2021/08/10 21:00:00+00,83.286,583,380.286,87.826,569,522,188,177.429,128,111,Past,81,0,8/10/2021,,2662
541,2021/08/11 21:00:00+00,83.571,533,381.143,88.131,596,539,198,182.714,132,115.571,Past,93,0,8/11/2021,,2668
542,2021/08/12 21:00:00+00,83,478,358,93.522,608,556.857,196,186.857,127,119,Past,74,0,8/12/2021,,2506
543,2021/08/13 21:00:00+00,78.714,654,384.714,88.279,596,569.143,198,188.857,128,122.714,Past,79,0,8/13/2021,,2693
544,2021/08/14 21:00:00+00,80.286,0,384.714,88.279,599,580.571,203,193.857,130,124.857,Past,88,0,8/14/2021,0,2693
545,2021/08/15 21:00:00+00,77.429,0,384.714,88.279,589,587.714,196,195.714,133,127.714,Past,53,0,8/15/2021,0,2693
546,2021/08/16 21:00:00+00,76,955,457.571,77.477,589,592.286,213,198.857,134,130.286,Past,64,0,8/16/2011,,3203
547,2021/08/17 21:00:00+00,77.429,659,468.429,76.127,608,597.857,217,203,137,131.571,Past,91,0,8/17/2021,,3279
548,2021/08/18 21:00:00+00,75.857,847,513.286,70.018,618,601,223,206.571,145,133.429,Past,82,0,8/18/2021,,3593
549,2021/08/19 21:00:00+00,76.571,741,550.857,63.529,618,602.429,221,210.143,153,137.143,Past,79,0,8/19/2021,,3856
550,2021/08/20 21:00:00+00,77.571,753,565,62.144,620,605.857,222,213.571,162,142,Past,86,0,8/20/2021,,3955
551,2021/08/21 21:00:00+00,77,0,565,62.144,647,612.714,230,217.429,161,146.429,Past,84,0,8/21/2021,0,3955
552,2021/08/22 21:00:00+00,80,0,565,62.144,643,620.429,237,223.286,162,150.571,Past,74,0,8/22/2021,0,3955
553,2021/08/23 21:00:00+00,80,708,529.714,66.175,638,627.429,232,226,162,154.571,Past,64,0,8/23/2021,,3708
554,2021/08/24 21:00:00+00,78.143,624,524.714,67.586,646,632.857,231,228,163,158.286,Past,78,0,8/24/2021,,3673
555,2021/08/25 21:00:00+00,78.714,635,494.429,71.975,653,637.857,225,228.286,162,160.714,Past,86,0,8/25/2021,,3461
556,2021/08/26 21:00:00+00,77.571,600,474.286,75.644,630,639.571,229,229.429,157,161.286,Past,71,0,8/26/2021,,3320
557,2021/08/27 21:00:00+00,76.714,707,467.714,76.963,636,641.857,230,230.571,161,161.143,Past,80,0,8/27/2021,,3274
558,2021/08/28 21:00:00+00,77.429,0,467.714,76.963,629,639.286,229,230.429,166,161.857,Past,89,0,8/28/2021,0,3274
559,2021/08/29 21:00:00+00,73.714,0,467.714,76.963,615,635.286,231,229.571,174,163.571,Past,48,0,8/29/2021,0,3274
560,2021/08/30 21:00:00+00,72.429,886,493.143,74.523,604,630.429,220,227.857,170,164.714,Past,55,0,8/30/2021,,3452
561,2021/08/31 21:00:00+00,70.286,724,507.429,72.792,582,621.286,211,225,158,164,Past,63,0,8/31/2021,,3552
562,2021/09/01 21:00:00+00,67.857,637,507.714,73.3,583,611.286,214,223.429,157,163.286,Past,69,0,9/1/2021,,3554
563,2021/09/02 21:00:00+00,67.857,720,524.857,70.989,582,604.429,212,221,154,162.857,Past,71,0,9/2/2021,,3674
564,2021/09/03 21:00:00+00,66.286,738,529.286,70.884,584,597,218,219.286,147,160.857,Past,69,0,9/3/2021,,3705
565,2021/09/04 21:00:00+00,59.286,0,529.286,70.884,545,585,211,216.714,144,157.714,Past,40,0,9/4/2021,0,3705
566,2021/09/05 21:00:00+00,60.143,0,529.286,70.884,553,576.143,207,213.286,140,152.857,Past,54,0,9/5/2021,0,3705
567,2021/09/06 21:00:00+00,61,0,402.714,59.339,562,570.143,205,211.143,154,150.571,Past,61,0,9/6/2021,0,2819
568,2021/09/07 21:00:00+00,59.143,1260,479.286,53.501,540,564.143,203,210,147,149,Past,50,0,9/7/2021,,3355
569,2021/09/08 21:00:00+00,57.429,647,480.714,53.768,549,559.286,205,208.714,144,146,Past,57,0,9/8/2021,,3365
570,2021/09/09 21:00:00+00,56.857,1037,526,49.654,549,554.571,202,207.286,139,145,Past,67,0,9/9/2021,,3682
571,2021/09/10 21:00:00+00,54.571,713,522.429,50.67,528,546.571,212,206.429,142,144.286,Past,53,0,9/10/2021,,3657
572,2021/09/11 21:00:00+00,57,0,522.429,50.67,507,541.143,210,206.286,142,144,Past,57,0,9/11/2021,0,3657
573,2021/09/12 21:00:00+00,55.143,0,522.429,50.67,491,532.286,210,206.714,143,144.429,Past,41,0,9/12/2021,0,3657
574,2021/09/13 21:00:00+00,54.571,412,581.286,77.283,509,524.714,217,208.429,142,142.714,Past,57,0,9/13/2021,,4069
575,2021/09/14 21:00:00+00,57.143,676,497.857,85.152,537,524.286,205,208.714,144,142.286,Past,68,0,9/14/2021,,3485
576,2021/09/15 21:00:00+00,55.714,628,495.143,86.209,532,521.857,231,212.429,153,143.571,Past,47,0,9/15/2021,,3466
577,2021/09/16 21:00:00+00,55,340,395.571,108.557,537,520.143,229,216.286,159,146.429,Past,62,0,9/16/2021,,2769
578,2021/09/17 21:00:00+00,52.286,388,349.143,122.068,515,518.286,220,217.429,158,148.714,Past,34,0,9/17/2021,,2444
579,2021/09/18 21:00:00+00,52.714,0,349.143,122.068,505,518,215,218.143,151,150,Past,60,0,9/18/2021,0,2444
580,2021/09/19 21:00:00+00,53.286,0,349.143,122.068,506,520.143,216,219,151,151.143,Past,45,0,9/19/2021,0,2444
581,2021/09/20 21:00:00+00,51.571,531,366.143,116.564,505,519.571,208,217.714,143,151.286,Past,45,0,9/20/2021,,2563
582,2021/09/21 21:00:00+00,48.571,512,342.714,116.564,492,513.143,195,216.286,137,150.286,Past,47,0,9/21/2021,,2399
583,2021/09/22 21:00:00+00,46.571,358,304.143,116.564,475,505,181,209.143,133,147.429,Past,33,0,9/22/2021,,2129
584,2021/09/23 21:00:00+00,43.571,253,291.714,148.353,459,493.857,189,203.429,127,142.857,Past,41,0,9/23/2021,,2042
585,2021/09/24 21:00:00+00,44.143,317,281.571,155.445,441,483.286,188,198.857,123,137.857,Past,38,0,9/24/2021,,1971
586,2021/09/25 21:00:00+00,40.286,0,281.571,155.445,416,470.571,178,193.571,113,132.429,Past,33,0,9/25/2021,0,1971
587,2021/09/26 21:00:00+00,36.714,0,281.571,155.445,407,456.429,175,187.714,100,125.143,Past,20,0,9/26/2021,0,1971
588,2021/09/27 21:00:00+00,33.857,314,250.571,170.661,390,440,162,181.143,108,120.143,Past,20,0,9/27/2021,,1754
589,2021/09/28 21:00:00+00,31.857,392,233.429,177.842,382,424.286,170,177.571,111,116.429,Past,33,0,9/28/2021,,1634
590,2021/09/29 21:00:00+00,31.857,342,231.143,179.798,367,408.857,157,174.143,91,110.429,Past,33,0,9/29/2021,,1618
591,2021/09/30 21:00:00+00,29.714,315,240,171.482,342,392.143,158,169.714,98,106.286,Past,26,0,9/30/2021,,1680
592,2021/10/01 21:00:00+00,29.286,244,229.571,182.906,329,376.143,148,164,99,102.857,Past,35,0,10/1/2021,,1607
593,2021/10/02 21:00:00+00,28.143,0,229.571,182.906,316,361.857,144,159.143,90,99.571,Past,25,0,10/2/2021,0,1607
594,2021/10/03 21:00:00+00,28,0,229.571,182.906,316,348.857,144,154.714,88,97.857,Past,19,0,10/3/2021,0,1607
595,2021/10/04 21:00:00+00,27.571,280,224.714,187.891,307,337,143,152,90,95.286,Past,22,0,10/4/2021,,1573
596,2021/10/05 21:00:00+00,24.857,301,211.714,197.234,287,323.429,118,144.571,88,92,Past,14,0,10/5/2021,,1482
597,2021/10/06 21:00:00+00,24.143,141,183,246.122,286,311.857,124,139.857,85,91.143,Past,28,0,10/6/2021,,1281
598,2021/10/07 21:00:00+00,23.857,232,171.143,259.748,270,301.571,121,134.571,81,88.714,Past,24,0,10/7/2021,,1198
599,2021/10/08 21:00:00+00,21.286,162,159.429,284.432,255,291,105,128.429,75,85.286,Past,17,0,10/8/2021,,1116
600,2021/10/09 21:00:00+00,21.429,0,159.429,284.432,239,280,104,122.714,72,82.714,Past,26,0,10/9/2021,0,1116
601,2021/10/10 21:00:00+00,20.286,0,159.429,284.432,229,267.571,95,115.714,69,80,Past,11,0,10/10/2021,0,1116
602,2021/10/11 21:00:00+00,19.429,358,170.571,275.743,218,254.857,90,108.143,65,76.429,Past,16,0,10/11/2021,,1194
603,2021/10/12 21:00:00+00,20.143,256,164.143,282.98,206,243.286,89,104,63,72.857,Past,19,0,10/12/2021,,1149
604,2021/10/13 21:00:00+00,19.143,410,202.571,229.169,202,231.286,93,99.571,61,69.429,Past,21,0,10/13/2021,,1418
605,2021/10/14 21:00:00+00,19.143,147,190.429,259.142,206,222.143,87,94.714,60,66.429,Past,24,0,10/14/2021,,1333
606,2021/10/15 21:00:00+00,20,196,195.286,247.334,201,214.429,85,91.857,59,64.143,Past,23,0,10/15/2021,,1367
607,2021/10/16 21:00:00+00,17.714,0,195.286,247.334,190,207.429,84,89,53,61.429,Past,10,0,10/16/2021,0,1367
608,2021/10/17 21:00:00+00,18.286,0,195.286,247.334,188,201.571,81,87,59,60,Past,15,0,10/17/2021,0,1367
609,2021/10/18 21:00:00+00,17.714,241,178.571,263.738,184,196.714,75,84.857,54,58.429,Past,12,0,10/18/2021,,1250
610,2021/10/19 21:00:00+00,17.429,173,166.714,286.414,171,191.714,75,82.857,50,56.571,Past,17,0,10/19/2021,,1167
611,2021/10/20 21:00:00+00,17.571,107,123.429,368.588,175,187.857,73,80,42,53.857,Past,22,0,10/20/2021,,864
612,2021/10/21 21:00:00+00,16.429,151,124,367.037,165,182,70,77.571,46,51.857,Past,16,0,10/21/2021,,868
613,2021/10/22 21:00:00+00,14.429,129,114.429,398.967,150,174.714,68,75.143,41,49.286,Past,9,0,10/22/2021,,801
614,2021/10/23 21:00:00+00,15.571,0,114.429,398.967,148,168.714,67,72.714,42,47.714,Past,18,0,10/23/2021,,801
615,2021/10/24 21:00:00+00,15.571,0,114.429,398.987,144,162.429,67,70.714,42,45.286,Past,15,0,10/24/2021,,801
616,2021/10/25 21:00:00+00,15.429,269,118.429,394.161,145,156.857,66,69.429,43,43.714,Past,11,0,10/25/2021,,829
617,2021/10/26 21:00:00+00,14.143,171,118.143,395.447,138,152.143,55,66.571,32,41.143,Past,8,0,10/26/2021,,827
618,2021/10/27 21:00:00+00,13.714,133,121.857,374.407,139,147,58,64.429,42,41.143,Past,19,0,10/27/2021,,853
619,2021/10/28 21:00:00+00,13.714,85,112.429,436.433,142,143.714,62,63.286,38,40,Past,16,0,10/28/2021,,787
620,2021/10/29 21:00:00+00,13.714,153,115.857,422.499,135,141.571,58,61.857,38,39,Past,9,0,10/29/2021,,811
621,2021/10/30 21:00:00+00,13.714,0,115.857,422.499,136,139.857,60,60.857,41,39.429,Past,18,0,10/30/2021,,811
622,2021/10/31 21:00:00+00,13.714,0,115.857,422.499,132,138.143,54,59,35,38.429,Past,15,0,10/31/2021,,811
623,2021/11/01 21:00:00+00,12.429,85,89.571,519.176,121,134.714,49,56.571,34,37.143,Past,2,0,11/01/2021,,627
624,2021/11/02 21:00:00+00,12.429,259,102.143,495.729,113,131.143,47,55.429,30,36.857,Past,8,0,11/2/2021,,715
625,2021/11/03 21:00:00+00,12.143,73,93.571,570.49,114,127.571,52,54.571,28,34.857,Past,17,0,11/3/2021,,655
626,2021/11/04 21:00:00+00,12.429,120,98.571,530.023,117,124,55,53.571,30,33.714,Past,18,0,11/4/2021,,690
627,2021/11/05 21:00:00+00,13.571,67,86.286,631.398,119,121.714,56,53.286,31,32.714,Past,17,0,11/5/2021,,604
628,2021/11/06 21:00:00+00,12.429,0,86.286,631.398,117,119,56,52.714,30,31.143,Past,10,0,11/6/2021,,604
629,2021/11/07 21:59:59+00,12.143,0,86.286,631.398,126,118.143,58,53.286,30,30.429,Past,13,0,11/7/2021,,604
630,2021/11/08 21:59:59+00,12.714,115,90.571,595.168,124,118.571,55,54.143,30,29.857,Past,6,0,11/8/2021,,634
631,2021/11/09 21:59:59+00,14.2869,256,90.143,595.958,121,119.714,51,54.714,28,29.571,Past,19,0,11/9/2021,,631
632,2021/11/10 21:59:59+00,13.857,107,95,544.267,116,120,65,56.571,35,30.571,Past,14,0,11/10/2021,,665
633,2021/11/11 21:59:59+00,13.571,0,77.857,444.18,120,120.429,62,57.571,30,30.571,Past,16,0,11/11/2021,,545
634,2021/11/12 21:59:59+00,13.429,96,82,390.446,122,120.857,63,58.571,34,31,Past,16,0,11/12/2021,,574
635,2021/11/13 21:59:59+00,14.286,0,82,390.446,116,120.714,59,59,31,31.143,Past,16,0,11/13/2021,,574
636,2021/11/14 21:59:59+00,14.143,0,82,390.446,119,119.714,53,58.286,31,31.286,Past,12,0,11/14/2021,,574
637,2021/11/15 21:59:59+00,14.286,216,96.429,341.771,115,118.429,55,58.286,31,31.429,Past,7,0,11/15/2021,,675
638,2021/11/16 21:59:59+00,12.857,205,89.143,353.809,114,117.429,56,59,33,32.143,Past,9,0,11/16/2021,,624
639,2021/11/17 21:59:59+00,13,147,94.857,323.529,118,117.714,51,57,32,31.714,Past,15,0,11/17/2021,,664
640,2021/11/18 21:59:59+00,12.857,109,110.429,435.004,106,115.714,53,55.714,32,32,Past,15,0,11/18/2021,,773
641,2021/11/19 21:59:59+00,12.714,92,109.857,441.317,105,113.286,52,54.143,33,31.857,Past,15,0,11/19/2021,,769
642,2021/11/20 21:59:59+00,12.143,0,109.857,441.317,108,112.143,52,53.143,26,31.143,Past,12,0,11/20/2021,,769
643,2021/11/21 21:59:59+00,11.429,0,109.857,441.317,105,110.143,51,52.857,29,30.857,Past,7,0,11/21/2021,,769
644,2021/11/22 21:59:59+00,12,103,93.714,503.491,107,109,53,52.571,31,30.857,Past,11,0,11/22/2021,,656
645,2021/11/23 21:59:59+00,13.143,217,95.429,500.525,112,108.714,51,51.857,27,30,Past,17,0,11/23/2021,,668
646,2021/11/24 21:59:59+00,13.143,147,95.429,500.979,109,107.429,48,51.429,29,29.571,Past,15,0,11/24/2021,,668
647,2021/11/25 21:59:59+00,12.857,0,79.857,389.504,109,107.857,44,50.143,29,29.143,Past,13,0,11/25/2021,,559
648,2021/11/26 21:59:59+00,11.714,0,66.714,257.312,108,108.286,46,49.286,30,28.714,Past,7,0,11/26/2021,,467
649,2021/11/27 21:59:59+00,11.714,0,66.714,257.312,106,108,45,48.286,29,29.143,Past,12,0,11/27/2021,,467
650,2021/11/28 21:59:59+00,13,0,66.714,257.312,109,108.571,40,46.714,29,29.143,Past,16,0,11/28/2021,,467
651,2021/11/29 21:59:59+00,12.714,101,66.429,260.114,102,107.857,43,45.286,26,28.429,Past,9,0,11/29/2021,,465
652,2021/11/30 21:59:59+00,12.143,353,85.857,238.619,102,106.429,47,44.714,26,28.286,Past,13,0,11/30/2021,,601
653,2021/12/01 21:59:59+00,11.571,179,90.429,224.114,99,105,45,44.286,24,27.571,Past,11,0,12/1/2021,,633
654,2021/12/02 21:59:59+00,13.286,124,108.143,323.154,107,104.714,46,44.571,25,27,Past,25,0,12/2/2021,,757
655,2021/12/03 21:59:59+00,12.714,107,123.429,438.044,98,103.286,46,44.571,24,26.143,Past,3,0,12/3/2021,,864
656,2021/12/04 21:59:59+00,12.714,0,123.429,438,97,102,43,44.286,25,25.571,Past,12,0,12/4/2021,,864
657,2021/12/05 21:59:59+00,12.286,0,123.429,438.044,104,101.286,41,44.429,23,24.714,Past,13,0,12/5/2021,,864
658,2021/12/06 21:59:59+00,13.429,200,137.571,378.598,106,101.857,40,44,21,24,Past,17,0,12/6/2021,,963
659,2021/12/07 21:59:59+00,13,274,126.286,388.937,102,101.857,39,42.857,21,23.286,Past,10,0,12/7/2021,,884
660,2021/12/08 21:59:59+00,13.571,187,127.429,386.479,110,103.429,42,42.429,22,23,Past,15,0,12/8/2021,,892
661,2021/12/09 21:59:59+00,12.429,153,131.571,368.289,106,103.286,41,41.714,22,22.571,Past,17,0,12/9/2021,,921
662,2021/12/10 21:59:59+00,14.714,139,136.143,342.502,108,104.714,35,40.143,17,21.571,Past,19,0,12/10/2021,,953
663,2021/12/11 21:59:59+00,16.143,0,136.143,342.502,112,106.857,36,39.143,18,20.571,Past,22,0,12/11/2021,,953
664,2021/12/12 21:59:59+00,17.286,0,136.143,342.502,118,108.857,42,39.286,18,19.857,Past,21,0,12/12/2021,,953
665,2021/12/13 21:59:59+00,17,149,128.857,364.199,121,111,43,39.714,19,19.571,Past,15,0,12/13/2021,,902
666,2021/12/14 21:59:59+00,17.429,342,138.571,355.52,116,113,42,40.143,18,19.143,Past,13,0,12/14/2021,,970
667,2021/12/15 21:59:59+00,17.857,147,132.857,374.153,113,113.429,41,40,18,18.571,Past,18,0,12/15/2021,,930
668,2021/12/16 21:59:59+00,17.857,238,145,345.668,116,114.857,39,39.714,18,18,Past,17,0,12/16/2021,,1015
669,2021/12/17 21:59:59+00,17.143,403,182.714,287.549,118,116.286,37,40,19,18.286,Past,14,0,12/17/2021,,1279
670,2021/12/18 21:59:59+00,16.571,0,182.714,287.549,108,115.714,34,39.714,19,18.429,Past,18,0,12/18/2021,,1279
671,2021/12/19 21:59:59+00,16.286,0,182.714,287.549,111,114.714,32,38.286,18,18.429,Past,19,0,12/19/2021,,1279
672,2021/12/20 21:59:59+00,15.429,320,207.143,243.48,103,112.143,36,37.286,18,18.286,Past,9,0,12/20/2021,,1450
673,2021/12/21 21:59:59+00,15.143,845,279,222.044,104,110.429,34,36.143,18,18.286,Past,11,0,12/21/2021,,1953
674,2021/12/22 21:59:59+00,16,663,352.714,156.432,109,109.857,36,35.429,16,18,Past,24,0,12/22/2021,,2469
675,2021/12/23 21:59:59+00,18.714,0,318.714,104.066,126,111.286,36,35,17,17.857,Past,36,0,12/23/2021,,2231
676,2021/12/24 21:59:59+00,21,0,261.143,73.081,131,113.143,37,35,16,17.429,Past,30,0,12/24/2021,,1828
677,2021/12/25 21:59:59+00,22.857,0,261.143,73.081,143,118.143,44,36.429,14,16.714,Past,31,0,12/25/2021,,1828
678,2021/12/26 21:59:59+00,24.571,0,261.143,73.081,160,125.143,48,38.714,21,17.143,Past,31,0,12/26/2021,,1828
679,2021/12/27 21:59:59+00,28.429,469,282.429,61.034,176,135.571,51,40.857,23,17.857,Past,36,0,12/27/2021,,1977
680,2021/12/28 21:59:59+00,36,865,285.286,60.919,203,149.714,58,44.286,25,18.857,Past,64,0,12/28/2021,,1997
681,2021/12/29 21:59:59+00,42.571,1084,345.429,53.696,232,167.286,62,48,25,20.143,Past,70,0,12/29/2021,,2418
682,2021/12/30 21:59:59+00,45.143,868,469.429,68.618,243,184,54,50.571,23,21,Past,54,0,12/30/2021,,3286
683,2021/12/31 21:59:59+00,50.571,854,591.429,83.885,265,203.143,56,53.286,22,21.857,Past,68,0,12/31/2021,,4140
684,2022/01/01 21:59:59+00,57.714,0,591.429,83.885,281,222.857,63,56,26,23.571,Past,81,0,1/1/2022,,4140
685,2022/01/02 21:59:59+00,62.429,0,591.429,83.885,295,242.143,64,58.286,26,24.286,Past,64,0,1/2/2022,,4140
686,2022/01/03 21:59:59+00,65.714,1045,673.714,69.344,314,261.857,65,60.286,24,24.429,Past,59,0,1/3/2022,,4716
687,2022/01/04 21:59:59+00,70.857,1149,714.286,66.109,354,283.429,61,60.714,25,24.429,Past,100,0,1/4/2022,,5000
688,2022/01/05 21:59:59+00,74.429,1250,738,64.936,385,305.286,69,61.714,29,25,Past,95,0,1/5/2022,,5166
689,2022/01/06 21:59:59+00,81.714,1320,802.571,60.218,404,328.286,92,67.143,33,26.429,Past,105,0,1/6/2022,,5618
690,2022/01/07 21:59:59+00,86.571,1122,840.857,57.072,435,352.571,93,72.429,48,30.143,Past,102,0,1/7/2022,,5886
691,2022/01/08 21:59:59+00,92.571,0,840.857,57.072,474,380.143,103,78.143,47,33.143,Past,123,0,1/8/2022,,5886
692,2022/01/09 21:59:59+00,102.714,0,840.857,57.072,526,413.143,114,85.286,64,38.571,Past,135,0,1/9/2022,,5886
693,2022/01/10 21:59:59+00,107.857,1625,923.714,52.951,539,445.286,122,93.429,68,44.857,Past,95,0,1/10/2022,,6466
694,2022/01/11 21:59:59+00,110.143,1218,933.571,52.83,553,473.714,132,103.571,65,50.571,Past,116,0,1/11/2022,,6535
695,2022/01/12 21:59:59+00,111.714,1080,909.286,55.115,555,498,128,112,68,56.143,Past,106,0,1/12/2022,,6365
696,2022/01/13 21:59:59+00,113.857,1299,906.286,55.77,563,520.714,127,117,63,60.429,Past,120,0,1/13/2022,,6344
697,2022/01/14 21:59:59+00,117.571,1563,969.286,52.756,579,520.714,132,117,71,60.429,Past,128,0,1/14/2022,,6785
698,2022/01/15 21:59:59+00,120.143,0,969.286,52.756,615,561.429,136,127.286,69,66.857,Past,141,0,1/15/2022,,6785
699,2022/01/16 21:59:59+00,117.714,0,969.286,52.756,633,576.714,139,130.857,69,67.571,Past,118,0,1/16/2022,,6785
700,2022/01/17 21:59:59+00,119.714,0,737.143,44.317,656,593.429,133,132.429,72,68.143,Past,109,0,1/17/2022,,5160
701,2022/01/18 21:59:59+00,120.714,3862,1114.857,51.37,682,611.857,145,134.286,68,68.571,Past,123,0,1/18/2022,,7804
702,2022/01/19 21:59:59+00,128.857,1047,1110.143,52.524,728,636.571,152,137.714,76,69.714,Active,163,0,1/19/2022,,7771
