"date","count_relative_colleges_av","count_relative_drinking_av","count_relative_schools_av","count_relative_grocery_av","count_relative_museums/parks_av","count_relative_restaurants_av","median_home_dwell_time_relative_av"
2020-01-22,1.87755627009646,0.791001180320031,1.61878241789404,0.961141602027154,1.00774072324605,0.956835041390683,0.00384066965314705
2020-01-23,1.84861736334405,0.92031345714243,1.62115328964266,0.967448795547343,1.03284011859464,1.00237295699832,-0.0043799528355402
2020-01-24,1.47935691318328,1.18308407165588,1.65995888164585,1.04728458721078,1.09956267789632,1.13999085649597,-0.0251870306078893
2020-01-25,0.900578778135048,1.41750459428367,1.06804285699343,1.05919356444956,1.07676406045468,1.18922699293011,0.0610968043456656
2020-01-26,0.715369774919614,1.27440946646546,0.370448710722267,1.03666194549257,1.02860459562957,1.03868573014689,0.218102620788606
2020-01-27,1.34392282958199,0.93051052576534,0.949324940757261,1.07409015967158,1.07048921161753,0.962206850008436,0.146718444749812
2020-01-28,1.86829581993569,0.765564536612332,1.62516285215871,0.958651920374448,1.00554452615305,0.926269613632529,0.0326909049089932
2020-01-29,1.78514469453376,0.734637163646143,1.58733350146378,0.863421597158443,0.938246772374629,0.90951740803431,0.0430800504972389
2020-01-30,1.73209003215434,0.825178168561653,1.57014468128627,0.904376860345457,1.05929906452462,0.967023517310068,0.0401700247963128
2020-01-31,1.27350482315113,1.21076182934664,1.5794189737147,1.06384097020128,1.26621220492959,1.08275415403539,-0.0011263765527835
2020-02-01,0.722508038585209,1.5227248957882,1.00911972088796,1.24284908103084,1.45790883690448,1.23456081246564,0.0212316400401584
2020-02-02,0.584372990353698,1.25401532921964,0.355142641639249,1.23716430792383,1.35374634620781,1.07290855951714,0.125416885182776
2020-02-03,1.10662379421222,0.839297186654913,0.783503381397722,1.07014816372147,1.11498834795431,0.867979775439895,0.0367880320677171
2020-02-04,1.67189710610932,0.727017376103749,1.38894732132169,0.900517853783763,1.06729949679198,0.896332801776452,-0.0752321013262151
2020-02-05,1.65742765273312,0.740912282798703,1.36876004569739,0.826117867062065,0.941541068014132,0.882552234988053,-0.0226821049558008
2020-02-06,1.61305466237942,0.793802572798853,1.31827442375613,0.818233875161829,0.900754550572667,0.913738114805401,-0.00921889456992171
2020-02-07,1.27890675241158,1.09590473771496,1.40784456378865,0.903629955849645,1.01720528690875,1.07106353102532,-0.109687619730315
2020-02-08,0.826302250803859,1.49123724432625,0.98771214362834,1.07023115310989,1.09945809708237,1.23274843934537,-0.119385132335626
2020-02-09,0.647652733118971,1.26925490430443,0.371808475401624,1.12678842132053,0.98243216626955,1.09321203676995,0.0311326485735965
2020-02-10,1.13536977491961,0.758953250362313,0.79553206894588,1.02450400008852,0.872674602026428,0.886650484115883,0.00621127982111156
2020-02-11,1.65781350482315,0.627399859556857,1.40617100726021,0.889148307569739,0.944051007548992,0.856036073300424,-0.0513081957301547
2020-02-12,1.66379421221865,0.656086118539989,1.38650671805105,0.852798955440231,0.962875554060437,0.876813053440515,-0.0217790852061493
2020-02-13,1.68501607717042,0.768365929091154,1.31743764549192,0.923671893153929,0.933017731677006,0.929526986943294,-0.0999191413868127
2020-02-14,1.31266881028939,1.06833903572336,1.23215599406352,1.04106038307902,0.947920497665233,1.08866477628349,-0.188489241988795
2020-02-15,0.815691318327974,1.41537553599976,0.707635485441801,1.05479512686311,1.06290710260598,1.22420089584569,-0.1549311407619
2020-02-16,0.682765273311897,1.3739149273132,0.245210897177384,0.997324975379815,1.12032196946589,1.13060243717923,-0.0590761578645233
2020-02-17,1.14713826366559,0.922890738222946,0.267734178789298,0.956162238721742,1.01375412004832,0.983726739850983,-0.0321176526787122
2020-02-18,1.61768488745981,0.64555288281962,0.75306557203673,0.861097894282584,0.853484022666148,0.878854014161546,-0.0414100207025851
2020-02-19,1.61247588424437,0.686229101612108,1.24509119139792,0.819727684153453,0.809769242434014,0.843496410630412,-0.085400132211678
2020-02-20,1.61382636655949,0.802542917332776,1.3448072678841,0.871305589058679,0.864778750573016,0.914162634635376,-0.133577443012529
2020-02-21,1.32945337620579,1.03954072104107,1.36788840167216,0.917945625352705,0.988759305513675,1.05729112807981,-0.168175619953094
2020-02-22,0.989324758842444,1.39161972777935,0.93903954125956,0.963963241233554,1.1280086592914,1.20392191012153,-0.145233119020864
2020-02-23,0.800450160771704,1.26365211934679,0.393704173315374,1.02458698947695,1.08089500260581,1.10316376124569,-0.00895553613730322
2020-02-24,1.1903536977492,0.866631801676795,1.08409853993815,1.02043752005577,0.957751094176766,0.938164332714695,-0.0421399395152031
2020-02-25,1.47289389067524,0.790882149049462,1.3882151403405,0.887944961437598,0.882243746503079,0.848823318112302,-0.210595136886351
2020-02-26,1.5287459807074,0.857500737360821,1.33159314446163,0.896907815387339,0.943554248682718,0.912582931037298,-0.229585974749741
2020-02-27,1.79440514469453,0.955773585517878,1.88309975210444,0.979627488298496,1.05263203763515,1.06962261275628,-0.181483617682155
2020-02-28,1.43951768488746,1.20525955790083,1.93761236944225,0.983030053223861,1.07529992905935,1.17724247157622,-0.190376078994896
2020-02-29,0.823124734640441,1.34521712614275,1.23316710113279,0.972054706604849,1.08272516684997,1.18805548147624,-0.14989051378455
2020-03-01,0.50055238737356,1.11473009517264,0.507506017249254,0.99861131090038,1.01448618574598,1.0264481296636,-0.0118101694196022
2020-03-02,1.00861736334405,0.821704441887914,1.41959432524874,1.02778208093125,0.914820670049275,0.911729809455907,-0.0322530609360104
2020-03-03,1.55961414790997,0.690487218179917,2.47170352946099,0.949398603565224,0.890767082840206,0.895116389186718,-0.169074436390823
2020-03-04,1.50540192926045,0.664378240277301,2.39499885524085,0.844168059044184,0.800252388364339,0.887858732862733,-0.17515709578817
2020-03-05,1.48109324758842,0.741472561294467,2.31731793971245,0.830142852400606,0.800356969178291,0.9294208569858,-0.17355164389179
2020-03-06,1.25421221864952,1.01163885195201,2.35950551053353,0.914999502063669,0.985151267432314,1.08369299596706,-0.228718954092579
2020-03-07,0.731382636655949,1.28808026176211,1.38922624740976,0.978527878901884,1.23928264533683,1.18687580617948,-0.191285255767991
2020-03-08,0.489453376205788,1.16056087612616,0.38519692762914,0.994129883925509,1.19263960231402,1.07433723202186,-0.0653738737480229
2020-03-09,0.976398713826367,0.778562997714064,1.26782366757589,0.9443777455656,0.885224299700724,0.906594752281794,-0.0787945898182369
2020-03-10,1.50019292604502,0.671998027819695,2.27234110801064,0.889687738594492,0.897355674119212,0.900235118675063,-0.125442717949239
2020-03-11,1.48784565916399,0.719957867057119,2.30678847988769,0.865911278811149,0.995452477606633,0.934580405688566,-0.0751921360935559
2020-03-12,1.34681672025723,0.793130238603935,2.32087424733538,0.96786374248946,1.01736215812968,0.966011200792437,-0.10143651557055
2020-03-13,0.923344051446945,0.909892277121214,1.87992696785261,1.23396921646952,1.00282542499028,1.02918301702978,-0.151015057932215
2020-03-14,0.365980707395498,0.913478059494106,0.773148250378003,1.19313843736514,0.912781344177202,0.941887045069855,-0.0919925634375607
2020-03-15,0.123665594855305,0.682755374938369,0.116904896663695,0.921929115997034,0.727150399411559,0.692612266446061,0.00473478729702013
2020-03-16,0.143922829581994,0.447662518115671,0.125586471154975,0.892218914941409,0.635171573540357,0.559664085078128,-0.0240958102163755
2020-03-17,0.178070739549839,0.351854895339977,0.145704015257257,0.895704469255198,0.653525506389016,0.524249334646805,-0.0509177702093047
2020-03-18,0.165530546623794,0.290000149407599,0.142112841873314,0.857363371803525,0.654414443307612,0.468343338576335,-0.00314324691779358
2020-03-19,0.163408360128617,0.249548042013417,0.138382205445335,0.81943722129397,0.653525506389016,0.424201440101885,-0.00227380310806582
2020-03-20,0.152797427652733,0.211449104301445,0.107456275430214,0.713708740442389,0.520655582262397,0.360237731104786,-0.0752192799920486
2020-03-21,0.108424437299035,0.153068085042805,0.0664541404834486,0.560178371858852,0.369222563659213,0.26168381980766,-0.13411246767964
2020-03-22,0.104372990353698,0.114969147330833,0.0652338388481282,0.571672402155511,0.395001734298498,0.250442208156223,-0.0426301950126114
2020-03-23,0.170353697749196,0.1685317715259,0.133466133143044,0.702754141170482,0.520132678192634,0.340505722853862,0.0743960964317428
2020-03-24,0.199099678456592,0.222766729915884,0.194411483387046,0.73698726389519,0.601862584296494,0.395097340219988,0.11524687408189
2020-03-25,0.184630225080386,0.228369514873526,0.182661721926961,0.720887322541024,0.608555756389452,0.382222959991727,0.161927459534166
2020-03-26,0.162250803858521,0.205846319343802,0.154699381597619,0.664205570247751,0.550513404645828,0.345795893042773,0.219382682324369
2020-03-27,0.142958199356913,0.176487726165753,0.139986030451756,0.611963750235137,0.49058859825106,0.346922503360782,0.251180817192513
2020-03-28,0.172090032154341,0.150826971059748,0.106968154776086,0.626901840151373,0.46669188226292,0.35666196792154,0.300392617632197
2020-03-29,0.16032154340836,0.122700990572381,0.0770184660692225,0.609847520830336,0.473646506390759,0.311124052313905,0.35912358302652
2020-03-30,0.126559485530547,0.139621401144462,0.101808022146731,0.5815066446837,0.452834924414217,0.285514077186413,0.287450498995885
2020-03-31,0.136591639871383,0.160127594089435,0.136708648916895,0.608644174698195,0.45806396511184,0.316610154732035,0.204964013329957
2020-04-01,0.126945337620579,0.15441275343264,0.149016262553127,0.621590519292266,0.494510378774278,0.338260666060728,0.243274974512181
2020-04-02,0.109389067524116,0.156317700318238,0.133466133143044,0.605407588549677,0.425957655228431,0.327566031882528,0.289555238407137
2020-04-03,0.10572347266881,0.160015538390283,0.109060100436636,0.610054994301395,0.353326279938437,0.336791174341586,0.299209886488128
2020-04-04,0.0794855305466238,0.129984611017316,0.077820378572433,0.633375012448408,0.29366292557855,0.330570326063885,0.359132544281624
2020-04-05,0.0501607717041801,0.0907651163138157,0.0564476670738213,0.582253549179512,0.28879991772976,0.27530927358126,0.450767320622108
2020-04-06,0.0748553054662379,0.107125248390133,0.0957762454921476,0.540758854967745,0.360437775287205,0.26810060031458,0.415434865831772
2020-04-07,0.107073954983923,0.143655406313965,0.128131671708643,0.561672180850475,0.412152987786704,0.298363965886022,0.351496054927017
2020-04-08,0.113826366559486,0.152171639449582,0.128027074425616,0.56905823642017,0.434899314821367,0.313924250423159,0.333343889831123
2020-04-09,0.11112540192926,0.15049080396229,0.122727478752224,0.577689132816217,0.411525502902989,0.3227983476382,0.31090103548636
2020-04-10,0.092604501607717,0.146905021589398,0.101563961819667,0.633167538977349,0.375131379647528,0.357413041466879,0.307555899105578
2020-04-11,0.0634726688102894,0.132561892097832,0.0743686682325267,0.682919677337258,0.334501733426991,0.365193183735448,0.341539791029057
2020-04-12,0.0476527331189711,0.0935665087926372,0.0579817605582241,0.458474876345811,0.304696201450536,0.26926802984701,0.410206551197623
2020-04-13,0.0679099678456592,0.0998416279451973,0.0785874253146344,0.387643433326325,0.326396720345674,0.250719778814283,0.391299474145248
2020-04-14,0.0858520900321544,0.133458337691055,0.105294598247647,0.539223551281909,0.353901474415175,0.314716143182919,0.393083835909468
2020-04-15,0.0889389067524116,0.136595897267335,0.111500703707276,0.538227678620827,0.375549702903338,0.33786880160229,0.452603023870323
2020-04-16,0.099935691318328,0.149930525466525,0.116451641770576,0.551671959545439,0.401851777612385,0.350816656416508,0.427858110914849
2020-04-17,0.0970418006430868,0.159455259894518,0.106201108033885,0.581174687130006,0.384543652903251,0.37680216831667,0.387263051448698
2020-04-18,0.072540192926045,0.138052621356322,0.0794939351008725,0.598975910946854,0.353430860752389,0.384353722984483,0.412723480367067
2020-04-19,0.0490032154340836,0.103763577415547,0.0648851812380367,0.555406482024498,0.361797325868587,0.330300919248709,0.475430779937173
2020-04-20,0.0686816720257235,0.121244266483393,0.0905463813407745,0.525364323415179,0.411264050868108,0.310715860169699,0.401313956634978
2020-04-21,0.100900321543408,0.162816930869104,0.122099895054059,0.559348477974616,0.460626195053676,0.341273124084969,0.291653032600976
2020-04-22,0.100707395498392,0.162592819470798,0.121716371682959,0.574162083808217,0.434062668309747,0.345885695314498,0.280932656469625
2020-04-23,0.102250803858521,0.166402713241995,0.122448552664151,0.597565091343653,0.463240715402488,0.362392985626194,0.260381677431159
2020-04-24,0.10032154340836,0.189037964470873,0.12785274562057,0.643790180695562,0.532054890983217,0.422740112225627,0.224776797451279
2020-04-25,0.077556270096463,0.176151559068294,0.107386543908196,0.670595753156363,0.543872522959846,0.44801536979487,0.251062304014034
2020-04-26,0.0571061093247588,0.127967608432565,0.082318061742614,0.643582707224503,0.543140457262179,0.386394683705514,0.344601969185475
2020-04-27,0.0803829365232745,0.133570393390208,0.105050537920583,0.614577915970478,0.500471485169569,0.352171854335273,0.339884594083126
2020-04-28,0.107509555330682,0.167299158835218,0.133187207054971,0.617648523342149,0.485987042437151,0.373471320419948,0.262231145618483
2020-04-29,0.104029030158106,0.171109052606416,0.13775462174717,0.604370221194383,0.492471052902205,0.382818920522268,0.210013362710607
2020-04-30,0.108089642859445,0.176599781864906,0.14392586144579,0.593581600699324,0.515949445634535,0.399416013105689,0.148910944939903
2020-05-01,0.110409992974495,0.201027924280229,0.14476263971001,0.651923140761068,0.566671140401486,0.463820569618531,0.16498100593282
2020-05-02,0.0819857040651245,0.199010921695477,0.113069662952688,0.712837351863942,0.588633111331506,0.501757947501048,0.245285892006277
2020-05-03,0.0495008024544148,0.147801467182621,0.0731483665972063,0.654703285273256,0.551820664820234,0.427442485726881,0.357859987508828
2020-05-04,0.0683455768968401,0.148809968474997,0.108641711304526,0.606735418764454,0.491268373541751,0.383031180437255,0.360712739409001
2020-05-05,0.0980064308681672,0.188029463178497,0.159580588138901,0.625366536465537,0.498745901739353,0.418364292439737,0.276146056185208
2020-05-06,0.11112540192926,0.200019422987853,0.179977058329256,0.638686333307514,0.546748495343539,0.440251555212069,0.258389297070636
2020-05-07,0.11903536977492,0.211337048602292,0.185206922480629,0.643541212530291,0.553598538657426,0.447925567523144,0.236729738066367
2020-05-08,0.115948553054662,0.234980801123545,0.168157565347153,0.694081750080223,0.54340190929706,0.500247636567485,0.199756980262605
2020-05-09,0.0906752411575563,0.231282963051501,0.126806772790295,0.804706604848793,0.598882031098848,0.549998095103327,0.180118354407322
2020-05-10,0.0522829581993569,0.185564237797134,0.0798774584719732,0.773585584189968,0.615876413366125,0.495528935380462,0.226713095856942
2020-05-11,0.0717684887459807,0.184555736504759,0.120391472764611,0.652960508116362,0.554905798831832,0.431140706553389,0.243798517949918
2020-05-12,0.106881028938907,0.1999073672887,0.163032298478807,0.603872284863842,0.454246765402575,0.412053641890311,0.228138042524051
2020-05-13,0.123472668810289,0.207863321928553,0.176490482228341,0.631009814878338,0.479555322379074,0.445043730985049,0.222327775298159
2020-05-14,0.133890675241158,0.237894249301519,0.192877389902643,0.664496033107233,0.573468893308397,0.492230742855277,0.197499850515155
2020-05-15,0.11459807073955,0.253918214280378,0.174537999611828,0.685533843072599,0.579639161331593,0.539140184067444,0.121718111214196
2020-05-16,0.0802572347266881,0.24966009771257,0.129526302149009,0.735700928374625,0.595535445052369,0.577559228680124,0.0850600091607775
2020-05-17,0.0542122186495177,0.203381093962439,0.0986352378948983,0.725700707069589,0.617968029645175,0.513750632697824,0.200550579284646
2020-05-18,0.0804501607717042,0.205173985148885,0.150968745169639,0.68930986024587,0.619589032261438,0.469380146622618,0.229741629176845
2020-05-19,0.121736334405145,0.244057312754927,0.20372064157649,0.673873833999093,0.611588599994074,0.498492410347399,0.182456739563538
2020-05-20,0.135819935691318,0.256271383962588,0.215505268797584,0.679724585882952,0.620844002028868,0.518183599383902,0.171486959952748
2020-05-21,0.130225080385852,0.27397618442874,0.234890631918674,0.728729819747048,0.676167252609727,0.539025890267066,0.123261378681577
2020-05-22,0.115755627009646,0.350286115551837,0.222164629150333,0.782299469974439,0.801298196503863,0.610982001447721,0.0578865651716576
2020-05-23,0.0920257234726688,0.411132360191839,0.1492951886412,0.798814358270722,0.851078663945241,0.643914943642271,0.0337445662295365
2020-05-24,0.0654019292604502,0.357793847395079,0.0980076541967335,0.757568632224226,0.768093788073953,0.561590751998781,0.0625746726586553
2020-05-25,0.0532475884244373,0.276777576907562,0.089988529164628,0.70997421796333,0.654205281679707,0.483119894196596,0.12604878171645
2020-05-26,0.0858520900321544,0.26926984506432,0.149399785924227,0.716571874343001,0.677892836039943,0.497627043001682,0.110308724090479
2020-05-27,0.124051446945338,0.315100626017839,0.219166173703546,0.705119338740553,0.702364746504822,0.530355889124128,0.0638356708905482
2020-05-28,0.12887459807074,0.339640824132315,0.233984122132436,0.699310081550906,0.670781340691175,0.563835808791914,0.071900415425005
2020-05-29,0.129453376205788,0.404521073941821,0.238725865629681,0.756199307315238,0.725686268016224,0.649956187376522,0.0303752405720133
2020-05-30,0.0989710610932476,0.464919095785212,0.177850246907698,0.798897347659146,0.823103296212954,0.685281135536119,-0.00465888422074424
2020-05-31,0.0752411575562701,0.377627706145135,0.115649729267366,0.776573202173215,0.798160772085289,0.606132678774553,0.0254987136705585
2020-06-01,0.137942122186495,0.297171714153382,0.14723810874166,0.765618602901309,0.697710900283937,0.551541061408426,0.0423716680205152
2020-06-02,0.213376205787781,0.315997071611062,0.185032593675583,0.761510628174344,0.69530554156303,0.564048068706902,0.0403439242000243
2020-06-03,0.227073954983923,0.339304657034857,0.186322626832922,0.740597302291614,0.740223001155618,0.581592167064881,0.0506473114080594
2020-06-04,0.221479099678457,0.37079230849681,0.184160949650355,0.743958372522767,0.761557487201923,0.606328611003772,0.0441564692514759
2020-06-05,0.213762057877813,0.450463910594493,0.171365215359995,0.791303818618393,0.763387651446091,0.671116868132167,0.015982949894858
2020-06-06,0.147974276527331,0.500776919514127,0.125202947783874,0.830806767507995,0.820018162201356,0.707233709051525,0.01447686900925
2020-06-07,0.122122186495177,0.412140861484215,0.0938586286366441,0.778274484635898,0.809978404061919,0.63034663676886,0.0755147013535898
2020-06-08,0.178842443729904,0.33392598347552,0.164078271309081,0.743750899051708,0.755700961620584,0.574914143585669,0.0796121103772852
2020-06-09,0.209324758842444,0.345131553390805,0.234437377025555,0.751302933398249,0.824619718015265,0.585323043262925,0.0398687549609613
2020-06-10,0.216270096463023,0.36687035902646,0.239911301503993,0.73698726389519,0.956652995630265,0.604197848011016,0.0520335230291779
2020-06-11,0.211832797427653,0.385583660784988,0.234611705830601,0.738149115333119,1.00282542499028,0.62834649526225,0.0516436629601955
2020-06-12,0.195048231511254,0.467720488264033,0.174677462655864,0.769726577628274,0.974902347664972,0.677966332311946,-0.00328681163969812
2020-06-13,0.131575562700965,0.565657169323632,0.112476945015533,0.795577772122205,1.00350520028097,0.717756902529158,-0.000732146557977157
2020-06-14,0.0785209003215434,0.488002569810701,0.10846738249948,0.768772199661403,1.01537512266458,0.656593391641313,0.0804878274045041
2020-06-15,0.137170418006431,0.352639285234047,0.169656793070546,0.738356588804178,0.862687134293966,0.580041036916897,0.114226406691068
2020-06-16,0.18443729903537,0.326082084534819,0.222025166106296,0.720098923351001,0.719725161620933,0.565215498239331,0.11993725237414
2020-06-17,0.182700964630225,0.345131553390805,0.225755802534276,0.703252077501024,0.720770969760458,0.579983890016709,0.13443155035443
2020-06-18,0.19524115755627,0.388497108962962,0.224430903615928,0.723874940524272,0.741268809295143,0.614002623314847,0.126635251790695
2020-06-19,0.182122186495177,0.445085237035156,0.172271725146233,0.769187146603521,0.768930434585572,0.667426811148544,0.0757587449838076
2020-06-20,0.123665594855305,0.490579850891216,0.119763889066446,0.851471125225455,0.817037609003711,0.704106957226906,0.0441419113887473
2020-06-21,0.0669453376205788,0.412813195679132,0.0973452047375596,0.809312515906299,0.765165525283283,0.627921975432275,0.100763364554826
2020-06-22,0.122315112540193,0.312299233539018,0.143542338074689,0.721592732342624,0.69044253371424,0.54582637138954,0.109827471368985
2020-06-23,0.194662379421222,0.317117628602591,0.190401920870993,0.723086541334248,0.647407528772796,0.548806174042245,0.0978033897392774
2020-06-24,0.221093247588424,0.348941447162003,0.199990005148511,0.735368970820931,0.643224296214697,0.574938635114321,0.115458433799729
2020-06-25,0.230932475884244,0.391858779937548,0.217457751414097,0.763045931860179,0.705136138074563,0.610369713231412,0.103995783188236
2020-06-26,0.211639871382637,0.3919708356367,0.172864443083388,0.794664888849546,0.691070018597955,0.654266696419338,0.110168849625916
2020-06-27,0.147588424437299,0.350734338348448,0.116347044487549,0.814042911046441,0.713607184004713,0.666896161361076,0.144480572044921
2020-06-28,0.0845016077170418,0.27083862485246,0.0988444324609533,0.768108284554015,0.685108912202664,0.582743268911542,0.177399834945511
2020-06-29,0.13967845659164,0.238454527797284,0.135627810325611,0.729974660573401,0.687618851737523,0.516322243206322,0.136065769880267
2020-06-30,0.196591639871383,0.281708027670287,0.179070548543018,0.738190610027331,0.822162068887382,0.537033912603341,0.0840676972124761
2020-07-01,0.185016077170418,0.28652642273386,0.176141824618249,0.723045046640036,0.94546284853735,0.560219226394248,0.100149781518695
2020-07-02,0.169967845659164,0.27476057432281,0.148179484288907,0.718812587830436,1.01051211481579,0.575371318787179,0.119790898414433
2020-07-03,0.13967845659164,0.297059658454229,0.108118724889388,0.812756575525876,0.987452045339269,0.619578528004702,0.104301885865635
2020-07-04,0.103408360128617,0.27083862485246,0.085490845994447,0.822590818054065,1.0014658744089,0.557614960514213,0.0720237561580861
2020-07-05,0.0771704180064309,0.208199489026012,0.0806793709751837,0.67474522257754,0.932756279642124,0.469135231336094,0.108144312097753
2020-07-06,0.125016077170418,0.221758228623508,0.111396106424249,0.624619631969725,0.835966736329109,0.496957607885184,0.127247891087469
2020-07-07,0.197749196141479,0.249323930615111,0.14392586144579,0.663458665751939,0.823939942724574,0.521204221251027,0.0852352296608475
2020-07-08,0.223987138263666,0.250220376208334,0.13817301087928,0.639391743109114,0.813168118887469,0.520216396262049,0.0798860012244442
2020-07-09,0.261028938906752,0.27083862485246,0.143542338074689,0.653333960364268,0.855261896503341,0.550692021748477,0.0757987056469982
2020-07-10,0.256977491961415,0.321151633772094,0.142566096766433,0.733169752027707,0.925383332258475,0.633285620207144,0.0572102611999633
2020-07-11,0.178456591639871,0.324625360445832,0.109408758046727,0.774415478074204,0.958849192723267,0.66252850541807,0.0856255569568144
2020-07-12,0.119421221864952,0.241480031674411,0.0867111476297674,0.721592732342624,0.889407532258824,0.57257928452081,0.156845806701143
2020-07-13,0.159163987138264,0.216715722161629,0.142322036439369,0.692878403948082,0.888727756968132,0.525661679465758,0.125539848259536
2020-07-14,0.206237942122186,0.261650057521926,0.214982282382447,0.697857767253494,0.946560947083851,0.549377643044134,0.0680834610099039
2020-07-15,0.20604501607717,0.278010189598243,0.213866578030154,0.667566640478904,0.915761897374847,0.556937361554831,0.0724595918575525
2020-07-16,0.201800643086817,0.293810043178796,0.19549232197833,0.675782589932834,0.930612372956099,0.581616658593533,0.0808087606661295
2020-07-17,0.186752411575563,0.33627915315773,0.157976763132479,0.719103050689918,1.00151816481588,0.648086667356058,0.0743819829694407
2020-07-18,0.12983922829582,0.339304657034857,0.107351678147187,0.756780233034203,1.06144297121064,0.678652095114212,0.0737031067038321
2020-07-19,0.0783279742765273,0.27476057432281,0.0883149726361886,0.717443262921448,0.989177628769485,0.592490897315184,0.125723632328523
2020-07-20,0.130822181328481,0.248763652119347,0.129177644538918,0.673043940114857,0.877851352317075,0.526078035452848,0.139721228688962
2020-07-21,0.204384172634049,0.269606012161779,0.185485848568702,0.679019176081352,0.874504766270596,0.541581173089797,0.0979430040308048
2020-07-22,0.216566010738065,0.289215759513529,0.206300707891168,0.689351354940082,0.910009952607461,0.570081148598268,0.0684666264495324
2020-07-23,0.216372648228477,0.310282230954266,0.201070843739795,0.692753919865447,0.929043660746812,0.594572677250635,0.0495357412419524
2020-07-24,0.210958497960026,0.353983953623881,0.161114681623303,0.736945769200978,0.978562676153308,0.663402036606672,0.0237010325650979
2020-07-25,0.153916557631696,0.368663250212906,0.119066573846263,0.781801533643898,1.02452594388542,0.70783783342495,0.0366221088433599
2020-07-26,0.104222392667694,0.299188716738133,0.099227955832054,0.738564062275237,0.921670713363162,0.614410815459053,0.114951952336163
2020-07-27,0.157156154360815,0.255038771271907,0.159301662050827,0.686446726345258,0.846267946503428,0.535719533898997,0.122309079248677
2020-07-28,0.218778135048232,0.286302311335555,0.226697178081523,0.671135184181116,0.900545388944762,0.552006400452821,0.0374141484104713
2020-07-29,0.22475884244373,0.316221183009368,0.242351904774634,0.682463235700928,0.942482295339705,0.582400387510409,-0.0147655167071946
2020-07-30,0.228038585209003,0.336951487352647,0.246919319466833,0.705907737930577,0.979974517141667,0.619864262505647,-0.0268730400488243
2020-07-31,0.229389067524116,0.391186445742631,0.199083495362273,0.733584698969825,0.966222140106916,0.684383112818866,-0.0335964217827795
2020-08-01,0.177684887459807,0.477245222692026,0.14023009077882,0.797569517444369,1.01140105173439,0.74015848740319,-0.00961149037113634
2020-08-02,0.122315112540193,0.43544844690801,0.122518284186169,0.792756132915804,1.07828048225699,0.670961755117369,0.0474084633190121
2020-08-03,0.172282958199357,0.358130014492537,0.19629423448154,0.723625972359001,1.08445075028019,0.590254004364935,0.0481472177322762
2020-08-04,0.242700964630225,0.378524151738357,0.285341388098921,0.707774999170106,1.09072559911734,0.607300108306982,0.0109368474441297
2020-08-05,0.262572347266881,0.393427559725688,0.305912187094322,0.707526031004835,1.08162706830347,0.63062420742692,0.00351688090819883
2020-08-06,0.24887459807074,0.424242876992724,0.319335505082847,0.708978345302247,1.09945809708237,0.648747938629672,-0.00462577207532635
2020-08-07,0.228231511254019,0.509629319747202,0.291721822363596,0.746531043563896,1.1280086592914,0.713952551745157,-0.0365146705579705
2020-08-08,0.174790996784566,0.54952114864562,0.193051718707689,0.781179113230722,1.17601125289558,0.758518970049582,-0.054905205035196
2020-08-09,0.127909967845659,0.44015478627243,0.122274223859105,0.746780011729167,1.13930338719826,0.671957743949232,0.020396589162788
2020-08-10,0.207395498392283,0.349389669958614,0.237087174862251,0.7074015469222,1.0111395996995,0.591617366126583,0.0107120572643104
2020-08-11,0.303472668810289,0.355552733412021,0.371738743879606,0.702173215451518,0.965960688072035,0.596434033428215,-0.0717212570513921
2020-08-12,0.337427652733119,0.375834814958689,0.382651727075472,0.696529937038717,0.983530264816051,0.609847227286828,-0.0486558301614458
2020-08-13,0.327781350482315,0.401943792861305,0.368914617237865,0.693791287220741,0.976993963944021,0.624215590762884,-0.059374804581308
2020-08-14,0.300385852090032,0.463238260297919,0.348762207374573,0.732381352837684,0.98938679039739,0.703984499583644,-0.0878672416429046
2020-08-15,0.232668810289389,0.548624703052397,0.235587947138858,0.809063547741029,1.08251600522207,0.791149850057419,-0.0791112529731004
2020-08-16,0.381607717041801,0.495510301653942,0.124784558651764,0.811802197559005,1.05307650609445,0.733717215367618,-0.046934080635933
2020-08-17,0.763408360128617,0.408891246208782,0.268954480424618,0.740804775762672,0.958953773537219,0.638543135024519,-0.0445760193242047
2020-08-18,0.940128617363344,0.414942253963037,0.416680709820406,0.709227313467518,0.979974517141667,0.630167032225409,-0.065737270083946
2020-08-19,0.949774919614148,0.436120781102927,0.412217892411235,0.707526031004835,0.993308570920608,0.643874124427851,-0.0258523313204571
2020-08-20,0.94572347266881,0.483408286145433,0.410056215228667,0.714663118409259,1.01683925405991,0.665124607455221,-0.0214191447179786
2020-08-21,0.927781350482315,0.600730603158477,0.406848565215825,0.811553229393735,1.14991833981444,0.779736797705416,-0.0547592351193177
2020-08-22,0.817041800643087,0.703261567883342,0.266374414109941,0.911638431832516,1.26349310376683,0.874412883632584,-0.0390458944671774
2020-08-23,0.696655948553055,0.585939250870299,0.129282241821945,0.864209996348467,1.15514738051206,0.769458519514306,0.0508427602690836
2020-08-24,0.824565916398714,0.418752147734234,0.276380887519568,0.759560377546391,0.992315053188059,0.627023952715022,0.0931056596743763
2020-08-25,0.967524115755627,0.412589084280827,0.427210169645171,0.723874940524272,0.967111077025512,0.611071803719447,0.0680275985502134
2020-08-26,0.931639871382637,0.498311694132764,0.426373391380951,0.723791951135848,1.0171007060948,0.655768843510017,0.0498667900223564
2020-08-27,0.907138263665595,0.55971821726853,0.438681005017183,0.717194294756177,1.06400520115248,0.693298029248328,0.0303448010044256
2020-08-28,0.79427652733119,0.577983296230446,0.425397150072695,0.720181912739424,1.01908774155989,0.713013709813483,0.000653250244165769
2020-08-29,0.611189710610933,0.625494912671258,0.268710420097554,0.773253626636274,1.09783709446611,0.770707587475576,-0.0171329610345451
2020-08-30,0.535948553054662,0.513327157819247,0.127992208664606,0.748813251745543,1.09051643748943,0.706817353064434,0.0260203309233197
2020-08-31,0.688553054662379,0.355776844810327,0.280146389708557,0.66864550252841,0.938508224409511,0.562652051573717,-0.0339118167639071
2020-09-01,0.887652733118971,0.366982414725613,0.473372437221292,0.714372655549777,1.01464305696691,0.576416290676347,-0.0825669382053248
2020-09-02,0.891897106109325,0.409675636102852,0.49694169166348,0.770929923760415,1.00711323836233,0.624746240550352,-0.0113168799464253
2020-09-03,0.891704180064309,0.452480913179244,0.502171555814854,0.774000531132086,0.964391975862748,0.653025792300952,-0.00457591106367808
2020-09-04,0.857170418006431,0.566329503518549,0.479857468768995,0.833130470383854,1.00387123312981,0.742142301224032,-0.0468486766761241
2020-09-05,0.656141479099678,0.764219868222498,0.291338298992496,0.927406415632988,1.20717633545342,0.852264377887959,-0.0704899151722454
2020-09-06,0.483858520900322,0.768702096188612,0.135104823910474,0.909356223650869,1.40781462702124,0.81030222546357,-0.0480118712056444
2020-09-07,0.507974276527331,0.528118510107424,0.158848407157708,0.859562590596749,1.24142655202285,0.680815513478505,0.0177774601989987
2020-09-08,0.7308038585209,0.387488607670586,0.432579496840581,0.809271021212088,1.03566380057136,0.611063639876563,0.0292744106741475
2020-09-09,0.897877813504823,0.383118435403625,0.672978918998702,0.740348334126343,0.938769676444392,0.583241263327474,-0.00604500411156961
2020-09-10,0.907524115755627,0.425811656780864,0.715828939278953,0.747941863167096,0.947711336037328,0.613374007412769,-0.0253359531270895
2020-09-11,0.8508038585209,0.577310962035529,0.748742217671595,0.808939063658394,1.04873640231542,0.729814898469007,-0.0658298466695046
2020-09-12,0.697234726688103,0.727913821696971,0.478672032894683,0.884127449570115,1.23002724330203,0.833830420655611,-0.0686880303348206
2020-09-13,0.563536977491961,0.608238335001718,0.18144142029164,0.874417691124562,1.1979732238256,0.73890941944192,0.00924398127059188
2020-09-14,0.706495176848875,0.407322466420642,0.47344216874331,0.793627521494252,0.997805545920564,0.590074399821484,0.0175348909348209
2020-09-15,0.874340836012862,0.386704217776516,0.837057190307783,0.725991169929072,0.942952909002491,0.557459847499415,-0.0197115636267511
2020-09-16,0.87395498392283,0.429509494852908,0.839776719666497,0.718771093136224,0.967320238653417,0.589102902518273,-0.0217768543183628
2020-09-17,0.862572347266881,0.463574427395377,0.829456454407788,0.732547331614531,0.992105891560154,0.629685365495246,-0.0438638114314356
2020-09-18,0.74508038585209,0.56520894652702,0.818543471211922,0.730680070375001,0.985569590688124,0.696849300902921,-0.0866283534197676
2020-09-19,0.533247588424437,0.733292495256309,0.504960816695586,0.806656855476746,1.19645680202329,0.78425956666322,-0.102684000893017
2020-09-20,0.409581993569132,0.641294766251812,0.172934174605407,0.824375089905171,1.2728007962086,0.700245459542716,-0.0608509618083209
2020-09-21,0.518585209003215,0.397909787691802,0.399038634749774,0.717816715169354,0.974588605223115,0.523620718744727,-0.0343125358286846
2020-09-22,0.744308681672026,0.354880399217104,0.814743103261924,0.663417171057727,0.877799061910099,0.507905321192792,-0.00802294629403038
2020-09-23,0.872025723472669,0.417855702141011,0.935029978743508,0.709642260409636,1.01804193342037,0.588564088887921,0.0327853711728355
2020-09-24,0.865852090032154,0.481951562056446,0.936738401032956,0.743294457415378,1.09501341248939,0.646004887420607,0.0329370277681299
2020-09-25,0.782893890675241,0.617651013730558,0.985724795250818,0.792673143527381,1.15629776946554,0.757400523574457,-0.00769467642606488
2020-09-26,0.596141479099679,0.78741539794714,0.611057327446443,0.878276697686256,1.3372748680103,0.841773839781862,-0.00375508648265716
2020-09-27,0.473054662379421,0.687125547205331,0.190157860543929,0.869230854348091,1.36263571539377,0.748461115616343,0.0597992612964585
2020-09-28,0.658649517684887,0.449791576399576,0.551471741881798,0.812756575525876,1.12325023225656,0.610916690704648,0.0548212910560881
2020-09-29,0.849067524115756,0.404745185340126,0.986666170798066,0.775245371958439,0.990798631385748,0.589266179375956,0.00643693332896162
2020-09-30,0.853311897106109,0.452368857480091,0.990745464836137,0.769975545793544,0.997544093885683,0.646021215106375,0.01316334490281
2020-10-01,0.840771704180064,0.496854970043776,0.98154090392972,0.783834773660275,1.01872170871106,0.688244610503056,0.0185990738340539
2020-10-02,0.762443729903537,0.664042073179842,1.00504042684989,0.817403981277594,1.0974187712103,0.770748406689997,-0.0404007673022987
2020-10-03,0.580707395498392,0.870672782417714,0.59923783446434,0.876741394000421,1.28278826394106,0.853439971263273,-0.0489014069250932
2020-10-04,0.383729903536978,0.703597734980801,0.166518874579722,0.846574751308466,1.22709898051137,0.743775069800857,0.0542503638121395
2020-10-05,0.47016077170418,0.412701139979979,0.558026504951519,0.797071581113828,1.01866941830408,0.589707026891698,0.0590399043437591
2020-10-06,0.633376205787781,0.366646247628154,1.01030515676227,0.766033549843427,0.970719115106873,0.559459989006025,-0.00482708056567461
2020-10-07,0.662315112540193,0.398470066187566,1.01773156385722,0.767029422504509,0.993936055804322,0.596042168969777,-0.00283284959000425
2020-10-08,0.68951768488746,0.45427380436569,1.03537363892785,0.8156612041207,1.06614910783851,0.663434691978208,-0.0136721967600695
2020-10-09,0.630675241157556,0.609022724895788,0.971290370193028,0.873297334380844,1.11399483022176,0.766544027604674,-0.054184733307541
2020-10-10,0.456077170418006,0.825178168561653,0.520789872193742,0.933215672822635,1.29178221394097,0.839087935472986,-0.064639003559525
2020-10-11,0.326430868167203,0.738222946019035,0.151212805496703,0.923796377236564,1.37764306219595,0.763907106353102,-0.0217094201018917
2020-10-12,0.468038585209003,0.48408062034035,0.228510197653999,0.88188673608268,1.3046979444641,0.655899464996163,0.00223628252908033
2020-10-13,0.641286173633441,0.442844123052098,0.597843204023974,0.827777654830536,1.29356008777816,0.624574799849785,0.00417663889939948
2020-10-14,0.674855305466238,0.467832543963186,0.958808427751751,0.79922930521284,1.2241707177207,0.631767145430697,0.00750464614574065
2020-10-15,0.672733118971061,0.525877396124367,1.09056613860535,0.815412235955429,1.1755406392328,0.66345918350686,-0.010621442459462
2020-10-16,0.598263665594855,0.690935440976528,1.11141586368882,0.868110497604373,1.21517676772078,0.773450638684642,-0.0539077708213116
2020-10-17,0.425016077170418,0.870784838116867,0.646934195524863,0.924460292343952,1.41147495550958,0.872396414440205,-0.0584722431433321
2020-10-18,0.313118971061093,0.751333462819919,0.189878934455856,0.923422924988658,1.46057564766027,0.781287927853399,0.0153970597908633
2020-10-19,0.45395498392283,0.481279227861529,0.631035408504689,0.860807431423102,1.2688267252784,0.626501466770438,0.0364713395279661
2020-10-20,0.625659163987138,0.415838699556259,1.12518783928744,0.794955351709028,1.20958169417433,0.58675987961053,0.00777065924578944
2020-10-21,0.650932475884244,0.4487830751072,1.10656952290855,0.781926017726533,1.24053761510426,0.614141408643877,-0.0014614263890256
2020-10-22,0.656720257234727,0.518369664281125,1.1071622408457,0.794042468436369,1.27217331132488,0.654356498691064,-0.0206442381148551
2020-10-23,0.605787781350482,0.666171131463746,1.12062042459524,0.85371183871289,1.32932672614991,0.762992755950081,-0.0529291922469467
2020-10-24,0.462829581993569,0.858570766909205,0.657707715676692,0.945954543945647,1.4737005398113,0.861995678605833,-0.0433127545802848
2020-10-25,0.332604501607717,0.739455558709716,0.198455911664108,0.947448352937271,1.4556603494045,0.77105046887671,0.034363445764185
2020-10-26,0.429453376205788,0.4409391761665,0.596832096954708,0.851305146448607,1.08235913400114,0.603724345123737,0.0563848941249018
2020-10-27,0.590739549839228,0.37236108828495,1.07372597603792,0.764498246157591,0.858765353770748,0.553353434528701,0.0326878291581393
2020-10-28,0.60540192926045,0.409899747501158,1.07379570755994,0.731841921812931,0.900963712200572,0.58392702612974,0.0465546641288776
2020-10-29,0.614469453376206,0.490916017988675,1.08648684456728,0.743543425580649,0.985621881095101,0.647947882027028,0.0156922221512798
2020-10-30,0.592861736334405,0.64241532324334,1.13864602303697,0.800723114204464,1.09893519301261,0.757441342788878,-0.0547015396254838
2020-10-31,0.453376205787781,0.771055265870822,0.686297639704199,0.857072908944043,1.25031592120881,0.78788431290377,-0.0416121411640798
2020-11-01,0.356913183279743,0.669644858137485,0.188205377927416,0.814540847376982,1.21078437353478,0.700727126272879,0.0419697820478249
2020-11-02,0.494662379421222,0.468728989556409,0.58686048930609,0.768440242107709,1.06824072411756,0.61531700201919,0.0553436489310152
2020-11-03,0.629131832797428,0.420208871823221,0.99597532898751,0.764166288603897,1.17757996510487,0.616419120808547,0.0308548792278279
2020-11-04,0.630675241157556,0.428164826463074,1.01570934971869,0.695119117435517,1.35008601771948,0.640804519503421,0.0181008250533126
2020-11-05,0.6108038585209,0.45035185489534,1.100677209298,0.640636583935468,1.50083926103197,0.650690933236093,0.0244339905225802
2020-11-06,0.531704180064309,0.611151783179693,1.08449949618975,0.66254578247928,1.6572398682979,0.755612641982834,0.0269903155685873
2020-11-07,0.425594855305466,0.835039070087105,0.626990980227627,0.715783475152977,1.78153416568041,0.861154802788769,0.0135943844056305
2020-11-08,0.337041800643087,0.72197486964187,0.183045245298062,0.727484978920695,1.68171177876277,0.768740101340503,0.0544331672673357
2020-11-09,0.421736334405145,0.416398978052024,0.55387747939143,0.677940314031846,1.38078048661453,0.61072075847543,0.116901838124531
2020-11-10,0.566816720257235,0.341321659619608,1.0305970296696,0.639972668828079,1.12434833080306,0.565280808982404,0.0821797719008506
2020-11-11,0.62411575562701,0.413149362776591,1.06180188577279,0.656653535901209,1.0428275863271,0.618011070170951,0.0197791907659178
2020-11-12,0.648424437299035,0.486657901420866,1.06682255535811,0.672048067453775,1.06635826946641,0.663500002721281,0.014960260367499
2020-11-13,0.572218649517685,0.628856583645844,1.08927610544801,0.716986821285118,1.07686864126863,0.733611085410124,-0.0318818813665447
2020-11-14,0.406495176848875,0.78663100805307,0.649270201512477,0.77997576709858,1.25653847963899,0.82788714303597,-0.0238308050414488
2020-11-15,0.300578778135048,0.655525840044225,0.189390813801728,0.770473482124086,1.28535049388289,0.73318656558015,0.0682643934050942
2020-11-16,0.43524115755627,0.420769150318985,0.566533750637753,0.708936850608036,1.09825541772192,0.5724813184062,0.0969465629022766
2020-11-17,0.568167202572347,0.361939908263734,1.01706911439805,0.647690681951468,1.02421220144356,0.539809619183942,0.0910293944730447
2020-11-18,0.56951768488746,0.395220450912133,0.99719563062283,0.643499717836079,1.01600260754829,0.571542476474526,0.0709229568526277
2020-11-19,0.592090032154341,0.464358817289447,0.987189157213203,0.67852123975081,1.07618886597794,0.607871577308871,0.0249037223340419
2020-11-20,0.5508038585209,0.573949291060943,0.992453887125585,0.718729598442013,1.13496328341923,0.692400006531074,-0.00687176595872101
2020-11-21,0.382765273311897,0.678273146972255,0.570508447392796,0.777901032387992,1.20278394126741,0.766984875120417,-0.0087280009889943
2020-11-22,0.272218649517685,0.605212831124591,0.154873710402665,0.790639903511004,1.19567244591865,0.69480834018189,0.0218818885662853
2020-11-23,0.332411575562701,0.448110740912283,0.168994343611372,0.789104599825169,1.09114392237315,0.625946325454318,0.00610963878354124
2020-11-24,0.351511254019293,0.383790769598542,0.192145208921451,0.8227153021367,1.08293432847788,0.638616609610476,-0.017495125922564
2020-11-25,0.238263665594855,0.374490146568854,0.138277608162307,0.826864771557877,1.00617201103676,0.603250842236458,-0.0714106687760313
2020-11-26,0.122893890675241,0.290112205106752,0.0911042335169209,0.597648080732077,0.918010384874825,0.378230840821391,-0.0895995364800315
2020-11-27,0.111318327974277,0.332805426483991,0.107491141191224,0.484699523087648,0.884283072375152,0.403236691575458,-0.0904279351815017
2020-11-28,0.12096463022508,0.469513379450479,0.110489596638011,0.602793422814336,0.839627064817445,0.609634967371841,-0.085381672288648
2020-11-29,0.136784565916399,0.423458487098654,0.106340571077921,0.661757383289257,0.870582985747378,0.577289821864948,0.0121865390174299
2020-11-30,0.288038585209003,0.346140054683181,0.482890789976791,0.697484315005588,0.880988776735649,0.549067417014537,0.0243867042888409
2020-12-01,0.408424437299035,0.338184100043328,0.882347813858675,0.681176900180364,0.86917114475902,0.559100779919123,-0.00874375460134514
2020-12-02,0.42887459807074,0.372473143984103,0.906823578087102,0.67192358337114,0.889093789816966,0.581837082351404,-0.0176299085300222
2020-12-03,0.428488745980707,0.409115357607088,0.918991728679297,0.656819514678056,0.91142179359582,0.607912396523291,-0.0285977753484019
2020-12-04,0.409967845659164,0.523300115043851,0.928266021107732,0.688272492890576,0.979294741850976,0.699102521538939,-0.0347843407439905
2020-12-05,0.322572347266881,0.65496556154846,0.599307565986358,0.754539519546767,1.1282178209193,0.796178777274038,-0.00635603497604834
2020-12-06,0.232668810289389,0.567450060510078,0.217248556848042,0.767029422504509,1.16754020696543,0.723071564246722,0.0749163792983275
2020-12-07,0.315048231511254,0.401607625763846,0.551297413076752,0.716488884954577,1.0225911988273,0.585518975492144,0.0639651682860554
2020-12-08,0.408424437299035,0.377515650445982,0.993848517565951,0.664247064941963,0.95769880376979,0.569125978980826,0.00318212037165346
2020-12-09,0.40379421221865,0.402392015657916,0.972824463677431,0.646072388877209,0.98813182062996,0.595389061539048,0.000415483505665635
2020-12-10,0.383151125401929,0.433543500022411,0.937749508102222,0.648520575835703,0.968784370048752,0.618435590000925,0.0208152062078069
2020-12-11,0.33491961414791,0.563303999641422,0.936877864076993,0.688645945138482,0.963189296502295,0.703747748140004,-0.0125168686306192
2020-12-12,0.250418006430868,0.728810267290194,0.56995059521665,0.753294678720414,1.10139284214049,0.805338608990024,-0.0406231850733554
2020-12-13,0.163601286173633,0.611487950277151,0.187124539336133,0.757361158753167,1.0362389950481,0.704294725613241,0.0334360202489409
2020-12-14,0.182508038585209,0.388721220361268,0.531040405930433,0.717609241698295,0.864098975282325,0.557165949155586,0.0345658207982626
2020-12-15,0.245209003215434,0.355664789111174,0.898595258488941,0.682836687948834,0.94588117179316,0.572456826877548,-0.0221700799474515
2020-12-16,0.258520900321543,0.37706742764937,0.863694631718777,0.655948126099609,1.0192969031878,0.604597876312338,-0.0299363247621653
2020-12-17,0.243086816720257,0.401831737162152,0.806793709751837,0.651300720347892,1.04225239185037,0.629007766535864,-0.0376933458979794
2020-12-18,0.220707395498392,0.495958524450554,0.708228203378957,0.686612705122105,1.08079042179185,0.7173242188563,-0.078799430181095
2020-12-19,0.158585209003215,0.593783149810999,0.383070116207581,0.734124129994578,1.1121646659776,0.775042588047046,-0.0753099281252849
2020-12-20,0.10475884244373,0.538091467332029,0.118996842324245,0.726696579730672,1.14970917818653,0.700188312642527,-0.0165180410178183
2020-12-21,0.126366559485531,0.414606086865578,0.131095261394421,0.694330718245494,1.11896241888451,0.627775026260361,-0.0602907667387477
2020-12-22,0.140836012861736,0.382670212607013,0.155919683232939,0.732090889978201,1.05506354155954,0.64769480289762,-0.095703145007774
2020-12-23,0.128102893890675,0.392307002734159,0.140264956539829,0.845288415787901,1.05386086219909,0.684881107234798,-0.0641243262772278
2020-12-24,0.105144694533762,0.310170175255113,0.125342410827911,0.878525665851526,0.960940809002316,0.585167930248126,-0.040083534995814
2020-12-25,0.072540192926045,0.194080470932752,0.100552854750402,0.516940900490191,0.865249364235802,0.31051992794048,0.000476062467782262
2020-12-26,0.0613504823151125,0.301541886420343,0.0795288008618816,0.387352970466843,0.958953773537219,0.376622563773219,-0.0436018803440762
2020-12-27,0.0760128617363344,0.44564551553092,0.100727183555448,0.595282883162006,1.08910459650107,0.584547478188933,-0.0647223426920776
2020-12-28,0.112668810289389,0.431078274641048,0.128306000513689,0.64515950560455,1.04565126830382,0.592401095043459,-0.0541960697180719
2020-12-29,0.148938906752412,0.440378897670736,0.166030753925594,0.702380688922576,0.976889383130069,0.635236778656449,-0.0867950514976477
2020-12-30,0.151639871382637,0.454497915763996,0.162300117497615,0.734954023878813,0.893590764816923,0.633726467722886,-0.0730512061779476
2020-12-31,0.123279742765273,0.462229759005543,0.12659757822424,0.806490876699899,0.770342275573931,0.59169084071254,-0.0377765794762785
2021-01-01,0.102443729903537,0.434552001314787,0.0998555395302187,0.684413486328881,0.789009950864447,0.532723403560524,-0.00980688663767741
2021-01-02,0.108231511254019,0.467384321166575,0.114778085242137,0.572211833180264,0.91670312470042,0.601071096186397,-0.0105065452820198
2021-01-03,0.112475884244373,0.472762994725912,0.133012878249925,0.635117789605302,0.990014275281105,0.628697540506267,0.0536061097703828
2021-01-04,0.171318327974277,0.362724298157804,0.224326306332901,0.63976519535702,0.955502606676788,0.559296712148342,0.124268450046619
2021-01-05,0.245594855305466,0.339864935530621,0.522010173829062,0.638686333307514,0.929984888072384,0.557672107414402,0.0817925795991016
2021-01-06,0.252540192926045,0.353647786526423,0.813522801626604,0.62424617972182,0.922716521502687,0.549793999031224,0.0157377028217115
2021-01-07,0.253890675241158,0.374826313666313,0.934855649938462,0.623001338895466,0.919422225863184,0.564937927581271,-0.00606556066002674
2021-01-08,0.265852090032154,0.457859586738582,0.944269405410934,0.654039370165868,0.925383332258475,0.649637797504041,-0.0165592805219579
2021-01-09,0.2291961414791,0.566665670616008,0.550042245680423,0.781801533643898,1.01056440522277,0.743415860713955,0.0142286976222751
2021-01-10,0.173440514469453,0.429285383454603,0.142217439156342,0.683417613667799,0.916859995921348,0.540634167315239,0.168470129769138
2021-01-11,0.212604501607717,0.267140786780416,0.170214645246693,0.559141004503558,0.736876415109139,0.400126267436608,0.194681693282753
2021-01-12,0.287652733118971,0.304343278899165,0.598435921961129,0.622088455622808,0.796016865399263,0.508533937094869,0.0593049763887147
2021-01-13,0.312154340836013,0.33392598347552,0.925999746642137,0.61698460823476,0.90085913138662,0.541850579904973,-0.00188376699729865
2021-01-14,0.319871382636656,0.375162480763772,0.907416296024257,0.609474068582431,0.93531850958396,0.573803860953428,-0.00870426073139341
2021-01-15,0.363858520900322,0.481391283560682,0.88255700842473,0.637814944729067,0.947397593595471,0.666871669832424,-0.0150783340945906
2021-01-16,0.396463022508039,0.65339678176032,0.506913299312098,0.696737410509776,1.08915688690805,0.778634678916059,0.0100126743618497
2021-01-17,0.437749196141479,0.64790605250183,0.15630320660404,0.692753919865447,1.14526449359355,0.733284531694759,0.103207728560643
2021-01-18,0.577620578778135,0.464246761590294,0.152886362025143,0.675948568709681,1.01861712789711,0.640926977146682,0.145835952343082
2021-01-19,0.709581993569132,0.350286115551837,0.525601347213005,0.627109313622431,0.926586011618928,0.56927292815274,0.104591324872503
2021-01-20,0.727524115755627,0.329219644111099,0.860975102360063,0.568850762949111,0.953777023246572,0.51713046365185,0.0710514228149845
2021-01-21,0.720771704180064,0.380429098623956,0.870807246964645,0.567522932734334,1.09700044795449,0.549034761643,0.0336477622953269
2021-01-22,0.724823151125402,0.510189598242967,0.878930969279778,0.609598552665066,1.22736043254625,0.662446866989229,0.0131054639983625
2021-01-23,0.625273311897106,0.627623970955163,0.516013262935488,0.672670487866951,1.33471263806846,0.758821032236294,0.0532896597694127
2021-01-24,0.53112540192926,0.52206750235317,0.141310929370104,0.666778241288881,1.22458904097651,0.65373604663187,0.15492399850931
2021-01-25,0.641286173633441,0.344459219195888,0.480833710077251,0.601673066070618,0.957803384583742,0.522143063182701,0.14128937318353
2021-01-26,0.797749196141479,0.34569183188657,0.866414161077491,0.563207484536311,0.939292580514154,0.535841991542259,-0.0503877121303114
2021-01-27,0.845016077170418,0.390065888751102,0.852398125151811,0.563871399643699,0.995766220048491,0.576497929105188,-0.390436653370221
2021-01-28,0.806623794212219,0.404857241039279,0.850062119164198,0.54793743706638,0.88736820638675,0.583469850928229,-0.260472610496213
2021-01-29,0.72096463022508,0.513103046420941,0.844553328924752,0.565282219246899,0.901852649119168,0.669410624969386,0.0734695365127325
2021-01-30,0.623729903536977,0.712226023815571,0.507854674859346,0.63528376838215,1.1535263778958,0.797697252050485,0.0620822779135186
2021-01-31,0.55620578778135,0.62123679610345,0.172585516995315,0.659682648578668,1.20780382033713,0.735545916173661,0.162627574147439
2021-02-01,0.676784565916399,0.394660172416369,0.474069752441475,0.64798114481095,0.984471492141623,0.595103327038103,0.183867048718139
2021-02-02,0.804887459807074,0.368999417310364,0.868192314888958,0.62424617972182,0.844542363073212,0.563860300320567,0.154139953031801
2021-02-03,0.829581993569132,0.394099893920605,0.898037406312795,0.613001117590431,0.89960416161919,0.597356547674121,0.12197563858595
